Freq [GHz],Re(Y11) [S],Re(Y22) [S],Re(Y11) load-only [S]
1.0,0.009999999999999997,0.01,0.04
1.009,0.01,0.01,0.04
1.018,0.009999999999999998,0.010000000000000002,0.04000000000000001
1.027,0.009999999999999997,0.01,0.04
1.036,0.009999999999999998,0.009999999999999998,0.039999999999999994
1.045,0.009999999999999998,0.009999999999999998,0.039999999999999994
1.054,0.01,0.01,0.039999999999999994
1.063,0.01,0.01,0.04000000000000001
1.072,0.010000000000000005,0.01,0.04
1.081,0.010000000000000002,0.009999999999999998,0.039999999999999994
1.09,0.009999999999999998,0.01,0.04
1.099,0.01,0.01,0.04
1.108,0.009999999999999998,0.01,0.04
1.117,0.009999999999999997,0.010000000000000002,0.04
1.126,0.009999999999999998,0.01,0.04
1.135,0.009999999999999998,0.01,0.04
1.144,0.009999999999999998,0.01,0.04
1.153,0.010000000000000002,0.010000000000000002,0.04000000000000001
1.162,0.009999999999999993,0.01,0.039999999999999994
1.171,0.009999999999999997,0.01,0.04
1.18,0.010000000000000004,0.01,0.04000000000000001
1.189,0.010000000000000002,0.010000000000000002,0.04000000000000001
1.198,0.009999999999999998,0.009999999999999998,0.04
1.207,0.009999999999999998,0.01,0.04
1.216,0.009999999999999997,0.01,0.04
1.225,0.01,0.009999999999999998,0.039999999999999994
1.234,0.010000000000000002,0.01,0.039999999999999994
1.243,0.009999999999999998,0.009999999999999998,0.04
1.252,0.009999999999999993,0.01,0.039999999999999994
1.261,0.009999999999999997,0.01,0.04
1.27,0.009999999999999997,0.009999999999999998,0.039999999999999994
1.279,0.01,0.01,0.039999999999999994
1.288,0.010000000000000002,0.01,0.039999999999999994
1.297,0.009999999999999997,0.01,0.04
1.306,0.01,0.010000000000000004,0.04000000000000001
1.315,0.01,0.01,0.04
1.324,0.009999999999999998,0.009999999999999998,0.04
1.333,0.009999999999999997,0.010000000000000002,0.04
1.342,0.010000000000000002,0.010000000000000002,0.04
1.351,0.01,0.009999999999999997,0.03999999999999999
1.36,0.010000000000000002,0.010000000000000002,0.04000000000000001
1.369,0.009999999999999995,0.009999999999999997,0.039999999999999994
1.378,0.009999999999999997,0.01,0.04
1.387,0.009999999999999998,0.009999999999999998,0.039999999999999994
1.396,0.009999999999999997,0.01,0.04
1.405,0.009999999999999997,0.01,0.04
1.414,0.009999999999999998,0.01,0.04
1.423,0.01,0.01,0.04
1.432,0.010000000000000002,0.010000000000000002,0.04000000000000001
1.441,0.010000000000000004,0.009999999999999998,0.04
1.45,0.010000000000000002,0.010000000000000004,0.04000000000000001
1.459,0.009999999999999997,0.01,0.04
1.468,0.009999999999999997,0.010000000000000002,0.04
1.477,0.01,0.01,0.04
1.486,0.009999999999999993,0.01,0.039999999999999994
1.495,0.009999999999999998,0.009999999999999998,0.039999999999999994
1.504,0.009999999999999997,0.010000000000000004,0.04
1.513,0.010000000000000004,0.009999999999999998,0.04
1.522,0.009999999999999993,0.01,0.039999999999999994
1.531,0.010000000000000005,0.009999999999999998,0.04
1.54,0.010000000000000002,0.01,0.04000000000000001
1.549,0.009999999999999998,0.01,0.04
1.558,0.010000000000000004,0.009999999999999997,0.039999999999999994
1.567,0.010000000000000004,0.01,0.04000000000000001
1.576,0.010000000000000002,0.010000000000000002,0.04000000000000001
1.585,0.01,0.009999999999999997,0.04
1.594,0.01,0.010000000000000002,0.039999999999999994
1.603,0.009999999999999998,0.010000000000000005,0.040000000000000015
1.612,0.010000000000000002,0.010000000000000002,0.04000000000000001
1.621,0.009999999999999998,0.009999999999999998,0.039999999999999994
1.63,0.009999999999999998,0.010000000000000004,0.04000000000000001
1.639,0.010000000000000004,0.009999999999999998,0.04000000000000001
1.648,0.010000000000000005,0.009999999999999998,0.04000000000000001
1.657,0.009999999999999998,0.01,0.04
1.666,0.009999999999999995,0.01,0.039999999999999994
1.675,0.010000000000000002,0.01,0.039999999999999994
1.684,0.009999999999999995,0.009999999999999997,0.039999999999999994
1.693,0.01,0.01,0.04
1.702,0.009999999999999997,0.010000000000000002,0.04
1.711,0.009999999999999997,0.010000000000000002,0.039999999999999994
1.72,0.009999999999999995,0.01,0.04
1.729,0.01,0.01,0.04
1.738,0.01,0.009999999999999997,0.04
1.747,0.01,0.009999999999999997,0.04
1.756,0.009999999999999998,0.01,0.039999999999999994
1.765,0.01,0.01,0.04
1.774,0.009999999999999995,0.01,0.03999999999999999
1.783,0.010000000000000002,0.01,0.039999999999999994
1.792,0.009999999999999997,0.009999999999999997,0.03999999999999999
1.801,0.009999999999999998,0.009999999999999997,0.03999999999999999
1.81,0.01,0.010000000000000002,0.04000000000000001
1.819,0.010000000000000002,0.01,0.04000000000000001
1.828,0.010000000000000002,0.010000000000000002,0.04000000000000001
1.837,0.01,0.010000000000000002,0.04000000000000001
1.846,0.009999999999999995,0.010000000000000002,0.04000000000000001
1.855,0.009999999999999993,0.01,0.039999999999999994
1.864,0.010000000000000002,0.009999999999999997,0.03999999999999999
1.873,0.009999999999999998,0.009999999999999997,0.03999999999999999
1.882,0.009999999999999992,0.010000000000000004,0.04
1.891,0.01,0.01,0.039999999999999994
1.9,0.01,0.01,0.04
1.909,0.009999999999999998,0.009999999999999998,0.039999999999999994
1.918,0.009999999999999998,0.009999999999999998,0.039999999999999994
1.927,0.009999999999999998,0.009999999999999998,0.039999999999999994
1.936,0.009999999999999998,0.01,0.04
1.945,0.009999999999999998,0.010000000000000004,0.04000000000000001
1.954,0.009999999999999995,0.009999999999999997,0.039999999999999994
1.963,0.009999999999999997,0.009999999999999997,0.04
1.972,0.01,0.009999999999999998,0.039999999999999994
1.981,0.009999999999999995,0.01,0.04
1.99,0.010000000000000004,0.009999999999999995,0.03999999999999999
1.999,0.009999999999999998,0.009999999999999998,0.039999999999999994
2.008,0.010000000000000004,0.01,0.04000000000000001
2.017,0.009999999999999998,0.009999999999999998,0.039999999999999994
2.026,0.010000000000000004,0.010000000000000002,0.04000000000000001
2.035,0.010000000000000005,0.010000000000000002,0.04
2.044,0.010000000000000002,0.010000000000000002,0.04000000000000001
2.053,0.009999999999999998,0.009999999999999998,0.039999999999999994
2.062,0.01,0.01,0.04
2.071,0.010000000000000004,0.009999999999999998,0.04
2.08,0.009999999999999995,0.01,0.04
2.089,0.01,0.01,0.04
2.098,0.010000000000000002,0.010000000000000002,0.04000000000000001
2.107,0.010000000000000004,0.009999999999999998,0.04000000000000001
2.116,0.009999999999999997,0.01,0.04
2.125,0.009999999999999998,0.01,0.04
2.134,0.01000000000000001,0.009999999999999997,0.04
2.143,0.009999999999999993,0.01,0.039999999999999994
2.152,0.010000000000000004,0.009999999999999997,0.039999999999999994
2.161,0.009999999999999998,0.009999999999999998,0.039999999999999994
2.17,0.009999999999999998,0.009999999999999998,0.039999999999999994
2.179,0.009999999999999998,0.01,0.04
2.188,0.009999999999999997,0.009999999999999998,0.039999999999999994
2.197,0.009999999999999993,0.01,0.039999999999999994
2.206,0.010000000000000002,0.010000000000000002,0.04000000000000001
2.215,0.010000000000000002,0.010000000000000002,0.04000000000000001
2.224,0.009999999999999997,0.010000000000000002,0.04
2.233,0.010000000000000005,0.009999999999999998,0.04000000000000001
2.242,0.010000000000000004,0.01,0.04000000000000001
2.251,0.009999999999999998,0.01,0.04
2.26,0.009999999999999998,0.009999999999999997,0.03999999999999999
2.269,0.009999999999999998,0.009999999999999998,0.039999999999999994
2.278,0.009999999999999998,0.01,0.04
2.287,0.009999999999999993,0.01,0.039999999999999994
2.296,0.009999999999999998,0.009999999999999998,0.039999999999999994
2.305,0.009999999999999997,0.009999999999999998,0.039999999999999994
2.314,0.009999999999999998,0.009999999999999998,0.039999999999999994
2.323,0.009999999999999998,0.009999999999999998,0.039999999999999994
2.332,0.010000000000000004,0.009999999999999997,0.039999999999999994
2.341,0.01,0.01,0.04
2.35,0.009999999999999998,0.009999999999999998,0.039999999999999994
2.359,0.009999999999999997,0.009999999999999997,0.03999999999999999
2.368,0.009999999999999997,0.009999999999999998,0.039999999999999994
2.377,0.010000000000000004,0.009999999999999997,0.039999999999999994
2.386,0.010000000000000004,0.01,0.04000000000000001
2.395,0.009999999999999995,0.009999999999999997,0.039999999999999994
2.404,0.009999999999999998,0.009999999999999998,0.039999999999999994
2.413,0.009999999999999995,0.009999999999999997,0.039999999999999994
2.422,0.010000000000000002,0.010000000000000002,0.04000000000000001
2.431,0.01,0.01,0.04
2.44,0.010000000000000002,0.010000000000000002,0.04000000000000001
2.449,0.010000000000000004,0.010000000000000004,0.040000000000000015
2.458,0.009999999999999995,0.009999999999999998,0.04
2.467,0.01,0.01,0.04
2.476,0.009999999999999998,0.010000000000000002,0.04000000000000001
2.485,0.00999999999999999,0.009999999999999997,0.03999999999999999
2.494,0.009999999999999998,0.009999999999999997,0.03999999999999999
2.503,0.009999999999999998,0.009999999999999998,0.039999999999999994
2.512,0.009999999999999998,0.009999999999999998,0.039999999999999994
2.521,0.01,0.01,0.039999999999999994
2.53,0.009999999999999998,0.01,0.04
2.539,0.01,0.009999999999999997,0.03999999999999999
2.548,0.009999999999999998,0.01,0.04
2.557,0.009999999999999998,0.009999999999999998,0.039999999999999994
2.566,0.009999999999999998,0.009999999999999998,0.039999999999999994
2.575,0.01,0.010000000000000004,0.04000000000000001
2.584,0.009999999999999997,0.009999999999999998,0.039999999999999994
2.593,0.009999999999999995,0.009999999999999997,0.039999999999999994
2.602,0.009999999999999998,0.009999999999999998,0.039999999999999994
2.611,0.009999999999999998,0.01,0.04
2.62,0.010000000000000007,0.010000000000000002,0.04000000000000001
2.629,0.010000000000000005,0.010000000000000004,0.040000000000000015
2.638,0.010000000000000004,0.010000000000000002,0.04000000000000001
2.647,0.010000000000000002,0.010000000000000002,0.04000000000000001
2.656,0.010000000000000004,0.01,0.04000000000000001
2.665,0.01,0.01,0.04
2.674,0.009999999999999997,0.009999999999999998,0.039999999999999994
2.683,0.01,0.009999999999999998,0.039999999999999994
2.692,0.01,0.009999999999999997,0.04
2.701,0.010000000000000007,0.009999999999999997,0.03999999999999999
2.71,0.010000000000000005,0.009999999999999998,0.039999999999999994
2.719,0.010000000000000002,0.009999999999999997,0.039999999999999994
2.728,0.010000000000000004,0.009999999999999998,0.04
2.737,0.009999999999999992,0.01,0.04
2.746,0.009999999999999998,0.01,0.04
2.755,0.009999999999999998,0.009999999999999998,0.039999999999999994
2.764,0.009999999999999998,0.009999999999999998,0.039999999999999994
2.773,0.01,0.01,0.039999999999999994
2.782,0.01,0.010000000000000002,0.039999999999999994
2.791,0.009999999999999997,0.009999999999999998,0.039999999999999994
2.8,0.009999999999999998,0.01,0.04
2.809,0.009999999999999998,0.009999999999999998,0.039999999999999994
2.818,0.010000000000000005,0.01,0.04
2.827,0.009999999999999998,0.009999999999999998,0.039999999999999994
2.836,0.009999999999999993,0.010000000000000002,0.04
2.845,0.010000000000000004,0.009999999999999997,0.039999999999999994
2.854,0.010000000000000002,0.01,0.039999999999999994
2.863,0.01,0.009999999999999998,0.039999999999999994
2.872,0.010000000000000002,0.010000000000000002,0.04
2.881,0.01,0.010000000000000004,0.04000000000000001
2.89,0.009999999999999997,0.009999999999999998,0.04
2.899,0.010000000000000002,0.010000000000000002,0.04000000000000001
2.908,0.009999999999999998,0.009999999999999998,0.039999999999999994
2.917,0.010000000000000004,0.010000000000000002,0.04000000000000001
2.926,0.009999999999999998,0.01,0.04
2.935,0.009999999999999998,0.009999999999999998,0.04
2.944,0.009999999999999998,0.009999999999999998,0.039999999999999994
2.953,0.010000000000000004,0.009999999999999998,0.04
2.962,0.010000000000000002,0.009999999999999993,0.03999999999999999
2.971,0.01,0.009999999999999998,0.04
2.98,0.009999999999999997,0.009999999999999998,0.039999999999999994
2.989,0.009999999999999998,0.009999999999999998,0.04
2.998,0.01,0.009999999999999997,0.03999999999999999
3.007,0.010000000000000002,0.01,0.039999999999999994
3.016,0.009999999999999997,0.009999999999999998,0.039999999999999994
3.025,0.009999999999999998,0.01,0.04
3.034,0.009999999999999993,0.01,0.039999999999999994
3.043,0.009999999999999998,0.01,0.04
3.052,0.009999999999999997,0.009999999999999998,0.039999999999999994
3.061,0.009999999999999998,0.01,0.04
3.07,0.01,0.009999999999999998,0.039999999999999994
3.079,0.009999999999999998,0.009999999999999998,0.04
3.088,0.010000000000000004,0.009999999999999997,0.039999999999999994
3.097,0.010000000000000004,0.010000000000000002,0.04000000000000001
3.106,0.009999999999999998,0.009999999999999998,0.039999999999999994
3.115,0.010000000000000004,0.009999999999999998,0.04
3.124,0.01,0.009999999999999998,0.04
3.133,0.01,0.01,0.04
3.142,0.01,0.009999999999999998,0.039999999999999994
3.151,0.009999999999999998,0.009999999999999998,0.039999999999999994
3.16,0.009999999999999998,0.01,0.04
3.169,0.01,0.009999999999999997,0.03999999999999999
3.178,0.009999999999999998,0.01,0.04
3.187,0.009999999999999997,0.009999999999999998,0.039999999999999994
3.196,0.009999999999999998,0.009999999999999998,0.039999999999999994
3.205,0.009999999999999997,0.009999999999999998,0.039999999999999994
3.214,0.009999999999999998,0.01,0.04
3.223,0.009999999999999998,0.009999999999999997,0.039999999999999994
3.232,0.010000000000000002,0.01,0.04000000000000001
3.241,0.009999999999999998,0.01,0.04
3.25,0.009999999999999998,0.009999999999999998,0.04
3.259,0.010000000000000002,0.009999999999999997,0.04
3.268,0.010000000000000004,0.01,0.04000000000000001
3.277,0.009999999999999998,0.009999999999999998,0.039999999999999994
3.286,0.01,0.010000000000000002,0.04000000000000001
3.295,0.010000000000000004,0.009999999999999998,0.04
3.304,0.009999999999999997,0.010000000000000002,0.04
3.313,0.009999999999999997,0.009999999999999998,0.04
3.322,0.009999999999999997,0.01,0.04
3.331,0.009999999999999998,0.009999999999999997,0.039999999999999994
3.34,0.009999999999999997,0.009999999999999998,0.039999999999999994
3.349,0.009999999999999997,0.01,0.04
3.358,0.009999999999999998,0.01,0.04
3.367,0.009999999999999997,0.01,0.04
3.376,0.009999999999999995,0.01,0.04
3.385,0.010000000000000004,0.009999999999999998,0.04
3.394,0.010000000000000004,0.009999999999999998,0.04
3.403,0.009999999999999997,0.01,0.04
3.412,0.01,0.009999999999999998,0.039999999999999994
3.421,0.009999999999999997,0.01,0.04
3.43,0.009999999999999993,0.01,0.039999999999999994
3.439,0.01,0.01,0.04
3.448,0.010000000000000005,0.01,0.04
3.457,0.010000000000000004,0.01,0.04000000000000001
3.466,0.009999999999999997,0.009999999999999998,0.039999999999999994
3.475,0.010000000000000004,0.009999999999999998,0.04000000000000001
3.484,0.009999999999999998,0.009999999999999998,0.039999999999999994
3.493,0.009999999999999995,0.010000000000000002,0.04
3.502,0.009999999999999998,0.01,0.04
3.511,0.010000000000000002,0.01,0.04
3.52,0.009999999999999997,0.01,0.039999999999999994
3.529,0.010000000000000004,0.010000000000000002,0.04000000000000001
3.538,0.01,0.01,0.039999999999999994
3.547,0.009999999999999992,0.01,0.039999999999999994
3.556,0.010000000000000005,0.009999999999999997,0.039999999999999994
3.565,0.009999999999999997,0.009999999999999998,0.039999999999999994
3.574,0.010000000000000005,0.009999999999999998,0.04
3.583,0.009999999999999998,0.009999999999999998,0.039999999999999994
3.592,0.010000000000000002,0.010000000000000002,0.04000000000000001
3.601,0.010000000000000005,0.009999999999999998,0.04
3.61,0.01,0.01,0.04
3.619,0.01,0.009999999999999997,0.03999999999999999
3.628,0.009999999999999998,0.01,0.04
3.637,0.010000000000000002,0.010000000000000002,0.04
3.646,0.009999999999999998,0.01,0.04
3.655,0.01,0.010000000000000002,0.04
3.664,0.010000000000000002,0.01,0.04000000000000001
3.673,0.010000000000000004,0.010000000000000002,0.04
3.682,0.010000000000000002,0.010000000000000002,0.04000000000000001
3.691,0.010000000000000004,0.009999999999999998,0.04
3.7,0.009999999999999998,0.01,0.04
3.709,0.009999999999999998,0.009999999999999997,0.039999999999999994
3.718,0.010000000000000004,0.01,0.04000000000000001
3.727,0.009999999999999998,0.01,0.04
3.736,0.009999999999999992,0.01,0.039999999999999994
3.745,0.010000000000000005,0.009999999999999998,0.04
3.754,0.009999999999999998,0.009999999999999998,0.039999999999999994
3.763,0.009999999999999998,0.009999999999999998,0.039999999999999994
3.772,0.01,0.01,0.04
3.781,0.009999999999999997,0.009999999999999997,0.039999999999999994
3.79,0.009999999999999998,0.009999999999999998,0.04
3.799,0.010000000000000004,0.009999999999999998,0.04
3.808,0.009999999999999997,0.009999999999999998,0.039999999999999994
3.817,0.009999999999999998,0.01,0.04000000000000001
3.826,0.009999999999999995,0.01,0.04
3.835,0.010000000000000002,0.009999999999999998,0.04000000000000001
3.844,0.009999999999999998,0.01,0.04
3.853,0.01,0.010000000000000002,0.04000000000000001
3.862,0.009999999999999993,0.009999999999999998,0.04
3.871,0.009999999999999997,0.010000000000000002,0.04
3.88,0.009999999999999997,0.01,0.04
3.889,0.01,0.01,0.04
3.898,0.009999999999999997,0.009999999999999998,0.039999999999999994
3.907,0.009999999999999993,0.01,0.039999999999999994
3.916,0.01,0.01,0.04
3.925,0.010000000000000004,0.009999999999999998,0.04
3.934,0.01,0.010000000000000002,0.04000000000000001
3.943,0.01,0.01,0.04
3.952,0.01,0.01,0.04
3.961,0.009999999999999998,0.009999999999999998,0.039999999999999994
3.97,0.010000000000000004,0.010000000000000002,0.04000000000000001
3.979,0.010000000000000005,0.009999999999999997,0.039999999999999994
3.988,0.009999999999999998,0.01,0.04
3.997,0.009999999999999998,0.009999999999999997,0.03999999999999999
4.006,0.009999999999999997,0.01,0.04
4.015,0.009999999999999997,0.009999999999999997,0.03999999999999999
4.024,0.009999999999999998,0.010000000000000002,0.040000000000000015
4.033,0.009999999999999998,0.009999999999999998,0.039999999999999994
4.042,0.010000000000000002,0.010000000000000002,0.04000000000000001
4.051,0.009999999999999998,0.01,0.04
4.06,0.010000000000000005,0.009999999999999998,0.04
4.069,0.009999999999999993,0.01,0.039999999999999994
4.078,0.01,0.01,0.04
4.087,0.009999999999999993,0.01,0.04
4.096,0.010000000000000004,0.009999999999999997,0.039999999999999994
4.105,0.010000000000000004,0.009999999999999998,0.039999999999999994
4.114,0.009999999999999998,0.009999999999999998,0.039999999999999994
4.123,0.01,0.01,0.04
4.132,0.009999999999999997,0.010000000000000002,0.04
4.141,0.009999999999999998,0.01,0.04
4.15,0.010000000000000004,0.009999999999999998,0.04
4.159,0.009999999999999997,0.01,0.04
4.168,0.009999999999999998,0.009999999999999998,0.039999999999999994
4.177,0.01,0.01,0.04
4.186,0.009999999999999997,0.010000000000000002,0.039999999999999994
4.195,0.009999999999999998,0.010000000000000002,0.04000000000000001
4.204,0.009999999999999998,0.01,0.04
4.213,0.01,0.01,0.04
4.222,0.009999999999999997,0.010000000000000002,0.04
4.231,0.01,0.010000000000000004,0.04000000000000001
4.24,0.009999999999999998,0.009999999999999998,0.039999999999999994
4.249,0.010000000000000004,0.009999999999999998,0.04
4.258,0.009999999999999997,0.010000000000000002,0.04
4.267,0.009999999999999997,0.010000000000000002,0.04000000000000001
4.276,0.009999999999999998,0.01,0.04
4.285,0.010000000000000004,0.010000000000000002,0.04000000000000001
4.294,0.009999999999999998,0.01,0.04
4.303,0.009999999999999997,0.009999999999999998,0.039999999999999994
4.312,0.009999999999999998,0.01,0.04
4.321,0.01,0.01,0.04
4.33,0.009999999999999997,0.01,0.04
4.339,0.009999999999999998,0.009999999999999998,0.039999999999999994
4.348,0.009999999999999997,0.01,0.04
4.357,0.009999999999999997,0.009999999999999998,0.039999999999999994
4.366,0.009999999999999998,0.01,0.04
4.375,0.009999999999999997,0.01,0.04
4.384,0.010000000000000002,0.010000000000000002,0.04000000000000001
4.393,0.009999999999999997,0.009999999999999997,0.039999999999999994
4.402,0.01,0.010000000000000002,0.04000000000000001
4.411,0.009999999999999997,0.009999999999999997,0.039999999999999994
4.42,0.010000000000000004,0.009999999999999998,0.04
4.429,0.009999999999999998,0.01,0.04
4.438,0.009999999999999998,0.01,0.04
4.447,0.01,0.01,0.04
4.456,0.010000000000000005,0.010000000000000004,0.040000000000000015
4.465,0.009999999999999998,0.01,0.04
4.474,0.010000000000000002,0.010000000000000002,0.04000000000000001
4.483,0.01,0.01,0.04
4.492,0.01,0.01,0.04
4.501,0.009999999999999998,0.009999999999999998,0.039999999999999994
4.51,0.009999999999999998,0.009999999999999998,0.039999999999999994
4.519,0.009999999999999998,0.01,0.04
4.528,0.01,0.01,0.04
4.537,0.009999999999999998,0.01,0.04
4.546,0.009999999999999997,0.009999999999999998,0.039999999999999994
4.555,0.009999999999999998,0.010000000000000002,0.04000000000000001
4.564,0.009999999999999998,0.009999999999999998,0.03999999999999999
4.573,0.009999999999999997,0.010000000000000002,0.04000000000000001
4.582,0.01,0.01,0.039999999999999994
4.591,0.009999999999999997,0.01,0.04
4.6,0.009999999999999992,0.009999999999999997,0.03999999999999999
4.609,0.009999999999999995,0.010000000000000002,0.04
4.618,0.009999999999999995,0.009999999999999998,0.039999999999999994
4.627,0.01,0.009999999999999998,0.04
4.636,0.01,0.009999999999999998,0.039999999999999994
4.645,0.01,0.01,0.04
4.654,0.009999999999999998,0.01,0.04
4.663,0.01,0.01,0.04
4.672,0.009999999999999998,0.01,0.04
4.681,0.010000000000000004,0.010000000000000002,0.04000000000000001
4.69,0.01,0.01,0.04
4.699,0.009999999999999998,0.01,0.04
4.708,0.009999999999999997,0.01,0.04
4.717,0.009999999999999997,0.009999999999999998,0.039999999999999994
4.726,0.009999999999999998,0.01,0.04
4.735,0.009999999999999997,0.009999999999999998,0.039999999999999994
4.744,0.009999999999999997,0.01,0.04
4.753,0.01,0.009999999999999997,0.03999999999999999
4.762,0.010000000000000009,0.009999999999999997,0.04
4.771,0.010000000000000002,0.009999999999999998,0.039999999999999994
4.78,0.010000000000000007,0.009999999999999998,0.04
4.789,0.010000000000000005,0.009999999999999995,0.03999999999999999
4.798,0.01,0.009999999999999998,0.04
4.807,0.01,0.01,0.039999999999999994
4.816,0.009999999999999997,0.01,0.04000000000000001
4.825,0.010000000000000002,0.010000000000000002,0.04
4.834,0.009999999999999998,0.01,0.04
4.843,0.009999999999999998,0.01,0.04
4.852,0.009999999999999998,0.01,0.04
4.861,0.009999999999999997,0.01,0.04
4.87,0.009999999999999998,0.01,0.04
4.879,0.009999999999999998,0.01,0.04
4.888,0.009999999999999992,0.009999999999999998,0.039999999999999994
4.897,0.009999999999999997,0.01,0.04
4.906,0.009999999999999998,0.01,0.04
4.915,0.010000000000000002,0.010000000000000002,0.04000000000000001
4.924,0.009999999999999997,0.01,0.04
4.933,0.010000000000000002,0.010000000000000002,0.04000000000000001
4.942,0.009999999999999997,0.009999999999999998,0.039999999999999994
4.951,0.010000000000000002,0.010000000000000002,0.04000000000000001
4.96,3.6028797018963944e14,3.602879701896395e14,0.03999999999999998
4.969,0.009999999999999998,0.01,0.04
4.978,3.6028797018963944e14,3.602879701896395e14,0.03999999999999998
4.987,0.010000000000000004,0.009999999999999998,0.04000000000000001
4.996,0.009999999999999997,0.009999999999999998,0.039999999999999994
5.005,0.009999999999999997,0.009999999999999998,0.039999999999999994
5.014,0.009999999999999997,0.009999999999999998,0.039999999999999994
5.023,0.010000000000000002,0.009999999999999998,0.04
5.032,0.009999999999999998,0.01,0.04
5.041,0.010000000000000005,0.01,0.04
5.05,0.010000000000000005,0.009999999999999997,0.039999999999999994
5.059,0.010000000000000002,0.01,0.04000000000000001
5.068,0.01,0.010000000000000002,0.04000000000000001
5.077,0.01,0.010000000000000002,0.04000000000000001
5.086,0.009999999999999998,0.01,0.04
5.095,0.009999999999999997,0.009999999999999995,0.03999999999999999
5.104,0.009999999999999997,0.009999999999999997,0.039999999999999994
5.113,0.009999999999999997,0.009999999999999998,0.04
5.122,0.01,0.010000000000000002,0.04000000000000001
5.131,0.009999999999999997,0.01,0.04
5.14,0.009999999999999998,0.009999999999999998,0.039999999999999994
5.149,0.009999999999999998,0.01,0.04
5.158,0.010000000000000002,0.010000000000000002,0.04000000000000001
5.167,0.009999999999999997,0.009999999999999995,0.03999999999999999
5.176,0.01,0.01,0.04
5.185,0.009999999999999997,0.009999999999999998,0.039999999999999994
5.194,0.009999999999999998,0.01,0.04
5.203,0.01,0.009999999999999997,0.03999999999999999
5.212,0.009999999999999997,0.01,0.04
5.221,0.010000000000000002,0.010000000000000002,0.04
5.23,0.010000000000000002,0.010000000000000002,0.04000000000000001
5.239,0.009999999999999998,0.009999999999999998,0.039999999999999994
5.248,0.009999999999999998,0.01,0.04
5.257,0.009999999999999998,0.009999999999999998,0.039999999999999994
5.266,0.010000000000000004,0.009999999999999998,0.04
5.275,0.009999999999999997,0.010000000000000002,0.04
5.284,0.009999999999999998,0.009999999999999998,0.039999999999999994
5.293,0.009999999999999998,0.009999999999999998,0.039999999999999994
5.302,0.01,0.009999999999999998,0.04
5.311,0.010000000000000002,0.010000000000000002,0.04000000000000001
5.32,0.01,0.01,0.039999999999999994
5.329,0.010000000000000002,0.01,0.04000000000000001
5.338,0.010000000000000005,0.010000000000000002,0.039999999999999994
5.347,0.009999999999999997,0.009999999999999998,0.039999999999999994
5.356,0.010000000000000004,0.009999999999999997,0.039999999999999994
5.365,0.009999999999999998,0.009999999999999998,0.039999999999999994
5.374,0.010000000000000002,0.009999999999999995,0.03999999999999999
5.383,0.009999999999999997,0.01,0.04
5.392,0.01,0.009999999999999998,0.039999999999999994
5.401,0.009999999999999998,0.01,0.04
5.41,0.009999999999999998,0.009999999999999998,0.039999999999999994
5.419,0.009999999999999997,0.010000000000000002,0.04
5.428,0.009999999999999998,0.009999999999999998,0.039999999999999994
5.437,0.009999999999999998,0.01,0.04
5.446,0.009999999999999995,0.010000000000000002,0.04
5.455,0.010000000000000005,0.009999999999999997,0.04000000000000001
5.464,0.01,0.009999999999999997,0.04
5.473,0.009999999999999998,0.009999999999999998,0.039999999999999994
5.482,0.009999999999999997,0.009999999999999998,0.039999999999999994
5.491,0.010000000000000004,0.01,0.04000000000000001
5.5,0.009999999999999993,0.01,0.039999999999999994
5.509,0.009999999999999997,0.009999999999999998,0.039999999999999994
5.518,0.01,0.009999999999999998,0.039999999999999994
5.527,0.010000000000000004,0.010000000000000002,0.04000000000000001
5.536,0.010000000000000007,0.010000000000000002,0.04000000000000001
5.545,0.009999999999999998,0.01,0.04
5.554,0.009999999999999998,0.01,0.04
5.563,0.009999999999999997,0.01,0.04
5.572,0.009999999999999997,0.010000000000000002,0.04
5.581,0.009999999999999998,0.009999999999999997,0.03999999999999999
5.59,0.010000000000000002,0.01,0.039999999999999994
5.599,0.009999999999999998,0.009999999999999998,0.039999999999999994
5.608,0.010000000000000002,0.010000000000000002,0.04
5.617,0.010000000000000004,0.009999999999999997,0.039999999999999994
5.626,0.01,0.010000000000000004,0.04000000000000001
5.635,0.010000000000000004,0.010000000000000002,0.04000000000000001
5.644,0.009999999999999997,0.010000000000000002,0.04
5.653,0.009999999999999997,0.01,0.04
5.662,0.010000000000000005,0.010000000000000004,0.040000000000000015
5.671,0.009999999999999998,0.01,0.04
5.68,0.009999999999999998,0.009999999999999998,0.039999999999999994
5.689,0.009999999999999998,0.009999999999999998,0.039999999999999994
5.698,0.010000000000000005,0.010000000000000004,0.04
5.707,0.01,0.010000000000000002,0.04000000000000001
5.716,0.009999999999999998,0.01,0.04
5.725,0.009999999999999993,0.009999999999999998,0.03999999999999999
5.734,0.009999999999999998,0.01,0.04
5.743,0.009999999999999998,0.009999999999999998,0.04
5.752,0.01,0.01,0.039999999999999994
5.761,0.01,0.010000000000000002,0.04000000000000001
5.77,0.009999999999999998,0.01,0.04
5.779,0.009999999999999998,0.01,0.04
5.788,0.01,0.009999999999999995,0.03999999999999999
5.797,0.009999999999999998,0.009999999999999998,0.039999999999999994
5.806,0.009999999999999998,0.01,0.04
5.815,0.009999999999999998,0.009999999999999998,0.039999999999999994
5.824,0.009999999999999998,0.009999999999999997,0.03999999999999999
5.833,0.01,0.010000000000000004,0.04000000000000001
5.842,0.010000000000000002,0.010000000000000002,0.04
5.851,0.00999999999999999,0.01,0.039999999999999994
5.86,0.01,0.01,0.04
5.869,0.010000000000000005,0.010000000000000004,0.040000000000000015
5.878,0.010000000000000005,0.01,0.04000000000000001
5.887,0.009999999999999998,0.009999999999999998,0.039999999999999994
5.896,0.01,0.009999999999999998,0.039999999999999994
5.905,0.01,0.010000000000000002,0.04000000000000001
5.914,0.009999999999999998,0.01,0.04
5.923,0.010000000000000002,0.010000000000000002,0.04
5.932,0.009999999999999998,0.01,0.04
5.941,0.010000000000000004,0.009999999999999998,0.04
5.95,0.01,0.010000000000000004,0.04000000000000001
5.959,0.01,0.009999999999999998,0.039999999999999994
5.968,3.6028797018963944e14,3.602879701896395e14,0.03999999999999998
5.977,0.009999999999999995,0.009999999999999997,0.039999999999999994
5.986,0.009999999999999998,0.01,0.04
5.995,0.009999999999999998,0.01,0.04
6.004,0.009999999999999997,0.009999999999999998,0.039999999999999994
6.013,0.009999999999999997,0.01,0.04
6.022,0.010000000000000002,0.01,0.039999999999999994
6.031,0.009999999999999997,0.010000000000000002,0.04
6.04,0.009999999999999997,0.009999999999999997,0.03999999999999999
6.049,0.009999999999999998,0.01,0.04
6.058,0.009999999999999997,0.009999999999999998,0.039999999999999994
6.067,0.01,0.01,0.04
6.076,0.009999999999999998,0.009999999999999998,0.039999999999999994
6.085,0.009999999999999998,0.01,0.04
6.094,0.009999999999999998,0.01,0.04
6.103,0.009999999999999997,0.009999999999999998,0.039999999999999994
6.112,0.01,0.009999999999999997,0.04
6.121,0.01,0.009999999999999998,0.039999999999999994
6.13,0.01,0.009999999999999998,0.039999999999999994
6.139,0.010000000000000002,0.009999999999999998,0.04
6.148,0.010000000000000004,0.009999999999999997,0.039999999999999994
6.157,0.009999999999999997,0.01,0.04
6.166,0.009999999999999992,0.009999999999999998,0.03999999999999999
6.175,0.01,0.009999999999999998,0.04000000000000001
6.184,0.01,0.009999999999999995,0.039999999999999994
6.193,0.010000000000000004,0.01,0.04000000000000001
6.202,0.009999999999999997,0.009999999999999998,0.039999999999999994
6.211,0.009999999999999998,0.009999999999999998,0.039999999999999994
6.22,0.009999999999999997,0.009999999999999997,0.03999999999999999
6.229,0.01,0.010000000000000002,0.04000000000000001
6.238,0.009999999999999998,0.01,0.04
6.247,0.009999999999999998,0.009999999999999998,0.04
6.256,0.010000000000000004,0.01,0.04000000000000001
6.265,0.009999999999999998,0.009999999999999998,0.04
6.274,0.009999999999999998,0.01,0.04
6.283,0.009999999999999998,0.01,0.04
6.292,0.009999999999999997,0.009999999999999998,0.039999999999999994
6.301,0.009999999999999995,0.01,0.03999999999999999
6.31,0.009999999999999998,0.01,0.04
6.319,0.010000000000000002,0.010000000000000002,0.04000000000000001
6.328,0.009999999999999995,0.009999999999999997,0.039999999999999994
6.337,0.009999999999999998,0.009999999999999998,0.039999999999999994
6.346,0.009999999999999998,0.009999999999999998,0.039999999999999994
6.355,0.009999999999999998,0.009999999999999998,0.039999999999999994
6.364,0.009999999999999997,0.01,0.04
6.373,0.01,0.01,0.04
6.382,0.010000000000000002,0.009999999999999997,0.03999999999999999
6.391,0.009999999999999998,0.009999999999999997,0.03999999999999999
6.4,0.009999999999999997,0.009999999999999998,0.039999999999999994
6.409,0.010000000000000004,0.009999999999999998,0.04
6.418,0.009999999999999993,0.01,0.039999999999999994
6.427,0.009999999999999997,0.010000000000000002,0.04
6.436,0.010000000000000002,0.010000000000000002,0.04000000000000001
6.445,0.009999999999999997,0.009999999999999998,0.039999999999999994
6.454,0.009999999999999998,0.009999999999999998,0.039999999999999994
6.463,0.010000000000000002,0.010000000000000002,0.04000000000000001
6.472,0.010000000000000002,0.009999999999999998,0.04
6.481,0.01,0.010000000000000004,0.04000000000000001
6.49,0.009999999999999998,0.009999999999999998,0.039999999999999994
6.499,0.010000000000000002,0.009999999999999998,0.04
6.508,0.009999999999999998,0.01,0.04
6.517,0.009999999999999995,0.010000000000000002,0.04
6.526,0.009999999999999997,0.009999999999999995,0.039999999999999994
6.535,0.010000000000000005,0.01,0.04000000000000001
6.544,0.009999999999999997,0.009999999999999997,0.03999999999999999
6.553,0.010000000000000004,0.01,0.04000000000000001
6.562,0.009999999999999995,0.01,0.04
6.571,0.009999999999999997,0.01,0.04
6.58,0.009999999999999998,0.009999999999999998,0.039999999999999994
6.589,0.010000000000000005,0.009999999999999998,0.04
6.598,0.010000000000000004,0.010000000000000004,0.04
6.607,0.01,0.009999999999999998,0.039999999999999994
6.616,0.010000000000000002,0.010000000000000002,0.04000000000000001
6.625,0.010000000000000004,0.01,0.04000000000000001
6.634,0.009999999999999997,0.01,0.04
6.643,0.009999999999999997,0.010000000000000002,0.04
6.652,0.009999999999999998,0.01,0.04
6.661,0.010000000000000004,0.010000000000000002,0.04000000000000001
6.67,0.009999999999999998,0.009999999999999998,0.039999999999999994
6.679,0.010000000000000002,0.009999999999999997,0.04
6.688,0.009999999999999995,0.01,0.03999999999999999
6.697,0.010000000000000004,0.009999999999999997,0.039999999999999994
6.706,0.009999999999999997,0.009999999999999998,0.039999999999999994
6.715,0.009999999999999997,0.009999999999999998,0.039999999999999994
6.724,0.009999999999999997,0.01,0.03999999999999999
6.733,0.009999999999999998,0.009999999999999998,0.04
6.742,0.009999999999999998,0.009999999999999998,0.039999999999999994
6.751,0.009999999999999998,0.01,0.04
6.76,0.009999999999999992,0.009999999999999998,0.03999999999999999
6.769,0.009999999999999998,0.009999999999999998,0.039999999999999994
6.778,0.010000000000000004,0.009999999999999997,0.039999999999999994
6.787,0.01,0.01,0.039999999999999994
6.796,0.009999999999999998,0.010000000000000002,0.04
6.805,0.009999999999999998,0.01,0.04
6.814,0.009999999999999998,0.01,0.04
6.823,0.009999999999999995,0.010000000000000002,0.04
6.832,0.009999999999999998,0.009999999999999998,0.039999999999999994
6.841,0.009999999999999998,0.01,0.04
6.85,0.01,0.01,0.04
6.859,0.010000000000000002,0.01,0.039999999999999994
6.868,0.01,0.009999999999999998,0.039999999999999994
6.877,0.010000000000000004,0.009999999999999998,0.04
6.886,0.009999999999999997,0.009999999999999998,0.039999999999999994
6.895,0.010000000000000002,0.010000000000000002,0.04
6.904,0.009999999999999998,0.01,0.04
6.913,0.01,0.010000000000000002,0.04
6.922,0.009999999999999998,0.009999999999999998,0.04
6.931,0.009999999999999995,0.010000000000000002,0.04
6.94,0.009999999999999997,0.009999999999999998,0.039999999999999994
6.949,0.010000000000000002,0.01,0.04000000000000001
6.958,0.010000000000000002,0.01,0.039999999999999994
6.967,0.01,0.009999999999999995,0.039999999999999994
6.976,0.009999999999999995,0.01,0.04
6.985,0.009999999999999998,0.009999999999999998,0.04
6.994,0.010000000000000004,0.01,0.04000000000000001
7.003,0.01,0.009999999999999997,0.04
7.012,0.009999999999999997,0.009999999999999995,0.039999999999999994
7.021,0.009999999999999997,0.009999999999999998,0.039999999999999994
7.03,0.009999999999999997,0.009999999999999998,0.04
7.039,0.01,0.01,0.04
7.048,0.010000000000000002,0.01,0.039999999999999994
7.057,0.009999999999999998,0.009999999999999998,0.039999999999999994
7.066,0.009999999999999993,0.01,0.039999999999999994
7.075,0.01,0.01,0.04
7.084,0.010000000000000004,0.009999999999999997,0.039999999999999994
7.093,0.009999999999999995,0.009999999999999997,0.039999999999999994
7.102,0.009999999999999997,0.009999999999999998,0.039999999999999994
7.111,0.009999999999999997,0.010000000000000002,0.04
7.12,0.009999999999999997,0.009999999999999998,0.039999999999999994
7.129,0.010000000000000005,0.009999999999999997,0.039999999999999994
7.138,0.009999999999999998,0.009999999999999998,0.039999999999999994
7.147,0.009999999999999998,0.01,0.04
7.156,0.010000000000000004,0.01,0.04000000000000001
7.165,0.009999999999999997,0.009999999999999998,0.039999999999999994
7.174,0.009999999999999995,0.009999999999999998,0.03999999999999999
7.183,0.01,0.01,0.04
7.192,0.010000000000000005,0.009999999999999997,0.039999999999999994
7.201,0.009999999999999997,0.01,0.04
7.21,0.01,0.010000000000000004,0.04000000000000001
7.219,0.009999999999999997,0.009999999999999998,0.039999999999999994
7.228,0.009999999999999997,0.009999999999999998,0.039999999999999994
7.237,0.01,0.009999999999999998,0.039999999999999994
7.246,0.009999999999999997,0.009999999999999997,0.03999999999999999
7.255,0.009999999999999998,0.01,0.04
7.264,0.009999999999999997,0.009999999999999998,0.039999999999999994
7.273,0.009999999999999998,0.01,0.04
7.282,0.009999999999999995,0.010000000000000002,0.04
7.291,0.009999999999999997,0.010000000000000002,0.04
7.3,0.010000000000000002,0.010000000000000002,0.04
7.309,0.010000000000000004,0.010000000000000002,0.04000000000000001
7.318,0.010000000000000005,0.009999999999999998,0.04
7.327,0.010000000000000002,0.010000000000000002,0.04000000000000001
7.336,0.01,0.009999999999999998,0.039999999999999994
7.345,0.01,0.01,0.04
7.354,0.009999999999999993,0.01,0.039999999999999994
7.363,0.010000000000000002,0.01,0.04
7.372,0.009999999999999997,0.010000000000000002,0.039999999999999994
7.381,0.010000000000000002,0.010000000000000002,0.04000000000000001
7.39,0.009999999999999997,0.010000000000000002,0.039999999999999994
7.399,0.009999999999999998,0.009999999999999998,0.039999999999999994
7.408,0.009999999999999998,0.009999999999999998,0.039999999999999994
7.417,0.009999999999999998,0.009999999999999998,0.04
7.426,0.009999999999999997,0.01,0.04
7.435,0.009999999999999993,0.01,0.039999999999999994
7.444,0.01,0.009999999999999997,0.04
7.453,0.010000000000000004,0.009999999999999998,0.04
7.462,0.009999999999999998,0.01,0.04
7.471,0.009999999999999997,0.010000000000000002,0.04
7.48,0.009999999999999998,0.009999999999999997,0.03999999999999999
7.489,0.01,0.01,0.04000000000000001
7.498,0.009999999999999997,0.01,0.04
7.507,0.009999999999999997,0.010000000000000002,0.04
7.516,0.009999999999999998,0.009999999999999998,0.039999999999999994
7.525,0.009999999999999997,0.010000000000000002,0.04
7.534,0.009999999999999998,0.009999999999999998,0.039999999999999994
7.543,0.009999999999999997,0.010000000000000002,0.04
7.552,0.009999999999999997,0.009999999999999998,0.039999999999999994
7.561,0.010000000000000007,0.009999999999999998,0.04
7.57,0.009999999999999998,0.01,0.04
7.579,0.010000000000000004,0.01,0.04000000000000001
7.588,0.01,0.01,0.04
7.597,0.010000000000000002,0.01,0.039999999999999994
7.606,0.010000000000000005,0.009999999999999997,0.039999999999999994
7.615,0.009999999999999993,0.01,0.039999999999999994
7.624,0.009999999999999998,0.01,0.04
7.633,0.009999999999999998,0.01,0.04
7.642,0.009999999999999997,0.010000000000000004,0.04
7.651,0.01,0.009999999999999998,0.039999999999999994
7.66,0.009999999999999998,0.01,0.04
7.669,0.01,0.01,0.04
7.678,0.009999999999999997,0.01,0.04
7.687,0.009999999999999998,0.01,0.04
7.696,0.009999999999999997,0.009999999999999998,0.039999999999999994
7.705,0.01,0.01,0.04
7.714,0.009999999999999997,0.01,0.04
7.723,0.01,0.01,0.04
7.732,0.010000000000000002,0.009999999999999997,0.03999999999999999
7.741,0.010000000000000002,0.010000000000000002,0.04000000000000001
7.75,0.009999999999999998,0.01,0.04
7.759,0.009999999999999998,0.01,0.04
7.768,0.010000000000000005,0.009999999999999995,0.039999999999999994
7.777,0.009999999999999997,0.01,0.04
7.786,0.009999999999999998,0.01,0.04
7.795,0.009999999999999997,0.01,0.04
7.804,0.010000000000000004,0.009999999999999998,0.04
7.813,0.01,0.009999999999999998,0.039999999999999994
7.822,0.010000000000000004,0.009999999999999998,0.04
7.831,0.009999999999999998,0.01,0.04
7.84,0.009999999999999998,0.01,0.04
7.849,0.009999999999999998,0.009999999999999998,0.039999999999999994
7.858,0.010000000000000004,0.009999999999999998,0.04
7.867,0.01,0.010000000000000002,0.04000000000000001
7.876,0.009999999999999998,0.009999999999999998,0.039999999999999994
7.885,0.010000000000000002,0.01,0.04
7.894,0.01,0.009999999999999998,0.039999999999999994
7.903,0.009999999999999997,0.010000000000000002,0.04
7.912,0.010000000000000002,0.010000000000000002,0.04000000000000001
7.921,0.010000000000000004,0.009999999999999997,0.039999999999999994
7.93,0.009999999999999998,0.01,0.04
7.939,0.009999999999999998,0.009999999999999997,0.03999999999999999
7.948,0.009999999999999998,0.009999999999999998,0.04
7.957,0.009999999999999997,0.01,0.04
7.966,0.010000000000000002,0.010000000000000002,0.04000000000000001
7.975,0.009999999999999997,0.009999999999999998,0.039999999999999994
7.984,0.009999999999999998,0.01,0.04
7.993,0.009999999999999995,0.009999999999999997,0.039999999999999994
8.002,0.009999999999999998,0.01,0.04
8.011,0.01,0.009999999999999998,0.039999999999999994
8.02,0.009999999999999998,0.01,0.04
8.029,0.009999999999999998,0.01,0.04
8.038,0.01,0.009999999999999998,0.039999999999999994
8.047,0.009999999999999998,0.009999999999999998,0.039999999999999994
8.056,0.009999999999999993,0.01,0.039999999999999994
8.065,0.01,0.009999999999999998,0.039999999999999994
8.074,0.010000000000000002,0.01,0.04
8.083,0.009999999999999998,0.01,0.04
8.092,0.009999999999999998,0.009999999999999998,0.039999999999999994
8.101,0.009999999999999998,0.01,0.04
8.11,0.009999999999999997,0.01,0.04
8.119,0.009999999999999997,0.01,0.04
8.128,0.010000000000000005,0.009999999999999998,0.04000000000000001
8.137,0.009999999999999998,0.009999999999999998,0.039999999999999994
8.146,0.01,0.009999999999999997,0.03999999999999999
8.155,0.009999999999999998,0.01,0.04000000000000001
8.164,0.009999999999999997,0.01,0.04
8.173,0.009999999999999998,0.01,0.04
8.182,0.009999999999999998,0.009999999999999998,0.039999999999999994
8.191,0.009999999999999998,0.01,0.04
8.2,0.010000000000000002,0.009999999999999998,0.039999999999999994
8.209,0.009999999999999998,0.01,0.04
8.218,0.009999999999999998,0.009999999999999998,0.039999999999999994
8.227,0.010000000000000005,0.009999999999999997,0.04000000000000001
8.236,0.010000000000000002,0.01,0.04
8.245,0.01,0.009999999999999997,0.03999999999999999
8.254,0.009999999999999995,0.010000000000000002,0.04
8.263,0.009999999999999998,0.009999999999999998,0.039999999999999994
8.272,0.009999999999999998,0.009999999999999998,0.039999999999999994
8.281,0.010000000000000004,0.009999999999999998,0.04
8.29,0.009999999999999998,0.009999999999999998,0.039999999999999994
8.299,0.010000000000000004,0.009999999999999998,0.04
8.308,0.009999999999999998,0.01,0.04
8.317,0.009999999999999993,0.01,0.039999999999999994
8.326,0.009999999999999997,0.009999999999999998,0.039999999999999994
8.335,0.009999999999999998,0.009999999999999998,0.039999999999999994
8.344,0.010000000000000002,0.010000000000000002,0.04000000000000001
8.353,0.009999999999999998,0.009999999999999998,0.039999999999999994
8.362,0.009999999999999997,0.01,0.04
8.371,0.009999999999999998,0.009999999999999998,0.039999999999999994
8.38,0.009999999999999997,0.009999999999999998,0.039999999999999994
8.389,0.009999999999999998,0.009999999999999998,0.039999999999999994
8.398,0.01,0.010000000000000004,0.04000000000000001
8.407,0.009999999999999998,0.009999999999999998,0.039999999999999994
8.416,0.009999999999999997,0.01,0.04
8.425,0.009999999999999995,0.009999999999999998,0.039999999999999994
8.434,0.009999999999999997,0.009999999999999998,0.039999999999999994
8.443,0.010000000000000005,0.009999999999999998,0.039999999999999994
8.452,0.009999999999999998,0.009999999999999998,0.039999999999999994
8.461,0.009999999999999995,0.010000000000000002,0.04000000000000001
8.47,0.01,0.010000000000000002,0.04000000000000001
8.479,0.010000000000000002,0.009999999999999998,0.039999999999999994
8.488,0.01,0.01,0.04
8.497,0.009999999999999997,0.009999999999999997,0.039999999999999994
8.506,0.009999999999999998,0.01,0.04
8.515,0.010000000000000004,0.009999999999999998,0.039999999999999994
8.524,0.009999999999999992,0.01,0.039999999999999994
8.533,0.009999999999999997,0.009999999999999998,0.039999999999999994
8.542,0.01,0.01,0.04000000000000001
8.551,0.010000000000000005,0.01,0.04
8.56,0.01,0.01,0.04
8.569,0.009999999999999997,0.01,0.04
8.578,0.009999999999999998,0.01,0.04
8.587,0.010000000000000005,0.009999999999999998,0.04
8.596,0.009999999999999998,0.01,0.04
8.605,0.009999999999999998,0.01,0.04
8.614,0.009999999999999998,0.009999999999999998,0.039999999999999994
8.623,0.01,0.01,0.04
8.632,0.009999999999999998,0.01,0.04
8.641,0.009999999999999998,0.01,0.04
8.65,0.009999999999999997,0.009999999999999997,0.03999999999999999
8.659,0.009999999999999997,0.01,0.039999999999999994
8.668,0.009999999999999997,0.01,0.04
8.677,0.009999999999999998,0.009999999999999998,0.039999999999999994
8.686,0.009999999999999997,0.009999999999999997,0.03999999999999999
8.695,0.010000000000000005,0.01,0.04
8.704,0.010000000000000004,0.009999999999999998,0.04000000000000001
8.713,0.010000000000000002,0.010000000000000002,0.04000000000000001
8.722,0.009999999999999997,0.009999999999999997,0.03999999999999999
8.731,0.009999999999999997,0.010000000000000002,0.04
8.74,0.009999999999999997,0.010000000000000002,0.04
8.749,0.009999999999999998,0.01,0.04
8.758,0.009999999999999998,0.009999999999999997,0.03999999999999999
8.767,0.010000000000000004,0.01,0.04000000000000001
8.776,0.010000000000000004,0.010000000000000002,0.04000000000000001
8.785,0.009999999999999993,0.009999999999999998,0.03999999999999999
8.794,0.009999999999999998,0.009999999999999998,0.039999999999999994
8.803,0.01,0.01,0.04
8.812,0.009999999999999998,0.009999999999999998,0.039999999999999994
8.821,0.009999999999999997,0.009999999999999998,0.039999999999999994
8.83,3.6028797018963944e14,3.602879701896395e14,0.03999999999999998
8.839,0.010000000000000004,0.010000000000000002,0.04000000000000001
8.848,0.010000000000000002,0.010000000000000002,0.04000000000000001
8.857,0.010000000000000005,0.009999999999999998,0.04000000000000001
8.866,0.009999999999999998,0.009999999999999998,0.039999999999999994
8.875,0.009999999999999997,0.01,0.04
8.884,0.009999999999999998,0.01,0.04
8.893,0.010000000000000004,0.010000000000000002,0.04000000000000001
8.902,0.009999999999999997,0.01,0.04
8.911,0.010000000000000005,0.009999999999999997,0.04000000000000001
8.92,0.010000000000000002,0.010000000000000002,0.04000000000000001
8.929,0.009999999999999998,0.009999999999999998,0.039999999999999994
8.938,0.009999999999999998,0.01,0.04
8.947,0.010000000000000009,0.01,0.040000000000000015
8.956,0.010000000000000002,0.010000000000000002,0.04000000000000001
8.965,0.009999999999999998,0.01,0.04
8.974,0.01,0.01,0.04000000000000001
8.983,0.009999999999999995,0.01,0.03999999999999999
8.992,0.010000000000000002,0.010000000000000002,0.04000000000000001
9.001,0.01,0.01,0.04
9.01,0.009999999999999995,0.010000000000000002,0.04
9.019,0.009999999999999998,0.01,0.04
9.028,0.009999999999999998,0.01,0.04
9.037,0.009999999999999998,0.009999999999999998,0.039999999999999994
9.046,0.009999999999999998,0.01,0.04
9.055,0.01,0.009999999999999998,0.039999999999999994
9.064,0.010000000000000004,0.009999999999999998,0.04000000000000001
9.073,0.010000000000000007,0.01,0.04
9.082,0.009999999999999998,0.01,0.04
9.091,0.009999999999999998,0.01,0.04
9.1,0.01,0.009999999999999998,0.039999999999999994
9.109,0.010000000000000004,0.010000000000000002,0.04000000000000001
9.118,0.009999999999999997,0.010000000000000002,0.04
9.127,0.009999999999999997,0.009999999999999998,0.039999999999999994
9.136,0.01,0.009999999999999997,0.03999999999999999
9.145,0.009999999999999998,0.01,0.04
9.154,0.010000000000000004,0.009999999999999998,0.04
9.163,0.009999999999999998,0.01,0.04
9.172,0.009999999999999998,0.009999999999999998,0.039999999999999994
9.181,0.010000000000000002,0.010000000000000002,0.04000000000000001
9.19,0.009999999999999998,0.01,0.04
9.199,0.009999999999999998,0.009999999999999998,0.039999999999999994
9.208,0.009999999999999997,0.009999999999999998,0.039999999999999994
9.217,0.010000000000000002,0.010000000000000002,0.04000000000000001
9.226,0.009999999999999998,0.01,0.04
9.235,0.010000000000000002,0.010000000000000002,0.04000000000000001
9.244,0.009999999999999993,0.009999999999999998,0.03999999999999999
9.253,0.009999999999999998,0.01,0.04
9.262,0.010000000000000004,0.01,0.04000000000000001
9.271,0.009999999999999997,0.010000000000000002,0.04
9.28,3.6028797018963944e14,3.602879701896395e14,0.03999999999999998
9.289,0.010000000000000004,0.009999999999999997,0.039999999999999994
9.298,0.009999999999999997,0.01,0.04
9.307,0.009999999999999997,0.009999999999999998,0.039999999999999994
9.316,0.009999999999999997,0.01,0.04
9.325,0.010000000000000005,0.01,0.04000000000000001
9.334,0.009999999999999998,0.01,0.04
9.343,0.010000000000000004,0.010000000000000002,0.04000000000000001
9.352,0.009999999999999995,0.009999999999999997,0.039999999999999994
9.361,0.010000000000000002,0.010000000000000002,0.04000000000000001
9.37,0.009999999999999998,0.01,0.04
9.379,0.010000000000000002,0.010000000000000002,0.04000000000000001
9.388,0.009999999999999997,0.01,0.04
9.397,0.01,0.009999999999999997,0.03999999999999999
9.406,0.009999999999999997,0.009999999999999998,0.039999999999999994
9.415,0.009999999999999998,0.01,0.04
9.424,0.009999999999999997,0.009999999999999998,0.039999999999999994
9.433,0.010000000000000004,0.010000000000000002,0.04000000000000001
9.442,0.009999999999999998,0.01,0.04
9.451,0.01,0.010000000000000002,0.04000000000000001
9.46,0.009999999999999997,0.01,0.04000000000000001
9.469,0.009999999999999998,0.009999999999999998,0.039999999999999994
9.478,0.01,0.009999999999999998,0.04
9.487,0.01,0.010000000000000002,0.04000000000000001
9.496,0.01,0.01,0.04
9.505,0.010000000000000002,0.010000000000000002,0.04000000000000001
9.514,0.01,0.009999999999999998,0.039999999999999994
9.523,0.009999999999999998,0.01,0.04
9.532,0.009999999999999998,0.01,0.04
9.541,0.010000000000000002,0.010000000000000002,0.04000000000000001
9.55,0.009999999999999998,0.01,0.04
9.559,0.009999999999999998,0.01,0.04
9.568,0.01,0.01,0.04
9.577,0.01,0.009999999999999998,0.039999999999999994
9.586,0.009999999999999997,0.009999999999999997,0.03999999999999999
9.595,0.010000000000000002,0.010000000000000002,0.04
9.604,0.009999999999999995,0.010000000000000002,0.04
9.613,0.009999999999999995,0.009999999999999998,0.039999999999999994
9.622,0.009999999999999998,0.009999999999999997,0.03999999999999999
9.631,0.010000000000000004,0.009999999999999997,0.039999999999999994
9.64,0.01,0.009999999999999998,0.039999999999999994
9.649,0.009999999999999997,0.009999999999999998,0.039999999999999994
9.658,0.009999999999999997,0.009999999999999997,0.03999999999999999
9.667,0.009999999999999998,0.01,0.04
9.676,0.009999999999999998,0.009999999999999998,0.039999999999999994
9.685,0.01,0.009999999999999998,0.04
9.694,0.010000000000000002,0.009999999999999998,0.039999999999999994
9.703,0.01,0.01,0.04
9.712,0.009999999999999997,0.009999999999999998,0.039999999999999994
9.721,0.009999999999999998,0.01,0.04
9.73,0.010000000000000002,0.010000000000000004,0.04000000000000001
9.739,0.01,0.010000000000000002,0.04000000000000001
9.748,0.010000000000000002,0.01,0.04000000000000001
9.757,0.009999999999999998,0.01,0.04
9.766,0.010000000000000005,0.01,0.04
9.775,0.009999999999999998,0.01,0.04
9.784,0.010000000000000002,0.010000000000000002,0.04
9.793,0.010000000000000002,0.010000000000000002,0.04000000000000001
9.802,0.009999999999999997,0.01,0.04
9.811,0.009999999999999997,0.01,0.04
9.82,0.010000000000000005,0.009999999999999998,0.04000000000000001
9.829,0.009999999999999998,0.01,0.04
9.838,0.010000000000000007,0.009999999999999997,0.04
9.847,0.010000000000000002,0.010000000000000002,0.04
9.856,0.009999999999999998,0.01,0.04
9.865,0.009999999999999998,0.01,0.04
9.874,0.010000000000000009,0.009999999999999997,0.04
9.883,0.009999999999999998,0.01,0.04
9.892,0.01,0.009999999999999998,0.04
9.901,0.009999999999999995,0.010000000000000002,0.04
9.91,0.009999999999999998,0.01,0.04
9.919,0.009999999999999997,0.01,0.04
9.928,0.009999999999999998,0.009999999999999998,0.039999999999999994
9.937,0.01,0.01,0.04
9.946,0.009999999999999997,0.01,0.04
9.955,0.009999999999999997,0.009999999999999998,0.039999999999999994
9.964,0.009999999999999995,0.009999999999999997,0.039999999999999994
9.973,0.009999999999999998,0.01,0.04
9.982,0.010000000000000002,0.010000000000000002,0.04000000000000001
9.991,0.01,0.01,0.039999999999999994
10.0,0.009999999999999998,0.01,0.04
