"Freq [GHz]","re(Yt(Diff1,Diff1)) []","im(Yt(Diff1,Diff1)) []","re(Yt(Comm1,Diff1)) []","im(Yt(Comm1,Diff1)) []","re(Yt(Diff1,Comm1)) []","im(Yt(Diff1,Comm1)) []","re(Yt(Comm1,Comm1)) []","im(Yt(Comm1,Comm1)) []"
4,1.27387035575837E-09,-0.000420166700992502,-1.78003139196084E-09,-5.85691342536253E-07,-1.78003139192896E-09,-5.85691342536361E-07,9.28084686602215E-09,0.00534474788524935
4.0025,1.27165266226859E-09,-0.000416452204110182,-1.7810080536924E-09,-5.893401159055E-07,-1.7810080533585E-09,-5.89340115905605E-07,9.28666947910828E-09,0.00534815860420464
4.005,1.26944353149097E-09,-0.000412739925554867,-1.78197376056657E-09,-5.92996182983089E-07,-1.78197376037656E-09,-5.92996182983136E-07,9.29249897418938E-09,0.00535156945739664
4.0075,1.26724251622249E-09,-0.000409029860639721,-1.78292917535021E-09,-5.96659553793883E-07,-1.78292917532665E-09,-5.96659553793949E-07,9.29833472593233E-09,0.00535498044491121
4.01,1.26504918406597E-09,-0.000405322004689093,-1.78387493051761E-09,-6.00330238342089E-07,-1.78387493078595E-09,-6.00330238341996E-07,9.30417614883328E-09,0.00535839156683435
4.0125,1.26286312378569E-09,-0.000401616353038485,-1.78481163895323E-09,-6.04008246611828E-07,-1.78481163881533E-09,-6.04008246611697E-07,9.31002270262993E-09,0.00536180282325217
4.015,1.26068394089469E-09,-0.000397912901034514,-1.78573987880751E-09,-6.07693588567358E-07,-1.78573987876782E-09,-6.07693588567205E-07,9.31587386426847E-09,0.00536521421425091
4.0175,1.25851125438699E-09,-0.00039421164403488,-1.78666020589207E-09,-6.11386274153396E-07,-1.78666020595125E-09,-6.11386274153284E-07,9.32172915621421E-09,0.00536862573991691
4.02,1.25634469964539E-09,-0.000390512577408327,-1.78757314873305E-09,-6.15086313297519E-07,-1.787573148806E-09,-6.15086313297538E-07,9.32758812952073E-09,0.00537203740033662
4.0225,1.25418393301033E-09,-0.000386815696534612,-1.78847921534656E-09,-6.18793715907465E-07,-1.78847921556128E-09,-6.18793715907456E-07,9.33345036577271E-09,0.00537544919559665
4.025,1.25202861737299E-09,-0.000383120996804469,-1.78937888624209E-09,-6.22508491874418E-07,-1.78937888592629E-09,-6.22508491874498E-07,9.3393154664001E-09,0.00537886112578366
4.0275,1.24987843761002E-09,-0.000379428473619578,-1.79027262772793E-09,-6.26230651071516E-07,-1.79027262779369E-09,-6.26230651071726E-07,9.34518307835197E-09,0.00538227319098447
4.03,1.24773308626336E-09,-0.000375738122392526,-1.79116087284336E-09,-6.2996020335595E-07,-1.79116087270845E-09,-6.29960203355861E-07,9.35105284691207E-09,0.00538568539128599
4.0325,1.24559227358432E-09,-0.000372049938546773,-1.79204404587486E-09,-6.33697158567829E-07,-1.79204404590657E-09,-6.33697158567789E-07,9.35692447218139E-09,0.00538909772677524
4.035,1.24345572022821E-09,-0.000368363917516624,-1.79292254051897E-09,-6.37441526532747E-07,-1.79292254072418E-09,-6.37441526532695E-07,9.36279765037518E-09,0.00539251019753934
4.0375,1.24132316016217E-09,-0.000364680054747188,-1.79379673889437E-09,-6.41193317059513E-07,-1.79379673899693E-09,-6.41193317059595E-07,9.36867210865611E-09,0.00539592280366552
4.04,1.23919434431895E-09,-0.000360998345694354,-1.79466699991779E-09,-6.44952539944337E-07,-1.79466699969741E-09,-6.44952539944356E-07,9.37454762331425E-09,0.00539933554524112
4.0425,1.23706902404978E-09,-0.000357318785824742,-1.79553366967705E-09,-6.48719204967249E-07,-1.79553366971958E-09,-6.48719204967169E-07,9.38042392914507E-09,0.00540274842235359
4.045,1.2349469731554E-09,-0.000353641370615685,-1.79639707809449E-09,-6.52493321895566E-07,-1.79639707808195E-09,-6.5249332189586E-07,9.38630083477388E-09,0.00540616143509045
4.0475,1.23282796974733E-09,-0.000349966095555188,-1.79725752773876E-09,-6.5627490048387E-07,-1.79725752800929E-09,-6.56274900483736E-07,9.39217814591165E-09,0.00540957458353935
4.05,1.23071180515785E-09,-0.000346292956141897,-1.79811531820813E-09,-6.60063950471668E-07,-1.79811531838171E-09,-6.6006395047169E-07,9.39805567770624E-09,0.00541298786778803
4.0525,1.22859828065704E-09,-0.000342621947885065,-1.79897072932042E-09,-6.6386048158955E-07,-1.79897072963899E-09,-6.63860481589412E-07,9.40393327542033E-09,0.00541640128792432
4.055,1.2264872077325E-09,-0.00033895306630452,-1.79982402653269E-09,-6.67664503552389E-07,-1.79982402650577E-09,-6.6766450355255E-07,9.40981079208814E-09,0.00541981484403616
4.0575,1.22437840671024E-09,-0.000335286306930629,-1.80067545729748E-09,-6.71476026067969E-07,-1.80067545707719E-09,-6.71476026068041E-07,9.41568810128302E-09,0.00542322853621156
4.06,1.22227170500696E-09,-0.000331621665304271,-1.80152526336468E-09,-6.75295058829802E-07,-1.80152526336648E-09,-6.75295058829991E-07,9.42156507657832E-09,0.00542664236453866
4.0625,1.22016694129772E-09,-0.000327959136976802,-1.80237366775512E-09,-6.79121611522027E-07,-1.80237366931344E-09,-6.79121611523081E-07,9.42744161375187E-09,0.00543005632910565
4.065,1.21806396387227E-09,-0.000324298717510019,-1.80322088817426E-09,-6.82955693820627E-07,-1.80322088794781E-09,-6.82955693820418E-07,9.43331762218169E-09,0.00543347043000085
4.0675,1.21596262739766E-09,-0.000320640402476133,-1.80406712264157E-09,-6.86797315387627E-07,-1.80406712274887E-09,-6.86797315387594E-07,9.43919301873986E-09,0.00543688466731264
4.07,1.21386279381373E-09,-0.000316984187457733,-1.80491256054605E-09,-6.90646485880702E-07,-1.80491256052392E-09,-6.90646485880723E-07,9.4450677259883E-09,0.0054402990411295
4.0725,1.21176433261943E-09,-0.000313330068047759,-1.8057573791969E-09,-6.94503214945875E-07,-1.80575737942411E-09,-6.94503214945879E-07,9.4509416875832E-09,0.00544371355154001
4.075,1.20966712532445E-09,-0.000309678039849463,-1.80660175104475E-09,-6.98367512222587E-07,-1.80660175104182E-09,-6.98367512222328E-07,9.45681484759708E-09,0.00544712819863281
4.0775,1.20757105215481E-09,-0.000306028098476382,-1.80744583545656E-09,-7.02239387340888E-07,-1.80744583568856E-09,-7.02239387341042E-07,9.46268715981691E-09,0.00545054298249665
4.08,1.2054760076491E-09,-0.000302380239552305,-1.80828977893313E-09,-7.06118849925027E-07,-1.80828977895913E-09,-7.06118849924904E-07,9.46855859509932E-09,0.00545395790322034
4.0825,1.20338188989771E-09,-0.000298734458711241,-1.80913371828754E-09,-7.10005909591217E-07,-1.80913371821892E-09,-7.10005909591317E-07,9.47442911902741E-09,0.0054573729608928
4.085,1.20128860172687E-09,-0.00029509075159739,-1.80997779129181E-09,-7.13900575950179E-07,-1.80997779153614E-09,-7.13900575950097E-07,9.48029870925793E-09,0.005460788155603
4.0875,1.19919605492264E-09,-0.000291449113865106,-1.81082212053304E-09,-7.1780285860476E-07,-1.81082212051773E-09,-7.17802858604961E-07,9.48616734872121E-09,0.00546420348744002
4.09,1.19710416466895E-09,-0.000287809541178874,-1.81166681833541E-09,-7.21712767154157E-07,-1.81166681867007E-09,-7.21712767154205E-07,9.49203503075591E-09,0.005467618956493
4.0925,1.19501285739403E-09,-0.000284172029213269,-1.81251199395595E-09,-7.2563031119013E-07,-1.81251199395285E-09,-7.25630311190282E-07,9.49790175730492E-09,0.00547103456285117
4.095,1.19292205493448E-09,-0.000280536573652934,-1.81335774714198E-09,-7.29555500302192E-07,-1.81335774574798E-09,-7.29555500301879E-07,9.50376752406612E-09,0.00547445030660383
4.0975,1.19083169295808E-09,-0.000276903170192545,-1.81420416792131E-09,-7.33488344071854E-07,-1.81420416774733E-09,-7.33488344071864E-07,9.50963233548041E-09,0.00547786618784036
4.1,1.18874170947992E-09,-0.000273271814536779,-1.81505134760523E-09,-7.37428852079693E-07,-1.81505134742522E-09,-7.3742885207958E-07,9.51549620417658E-09,0.00548128220665021
4.1025,1.18665204617858E-09,-0.000269642502400285,-1.81589936400752E-09,-7.41377033898977E-07,-1.81589936404163E-09,-7.41377033899136E-07,9.52135914944474E-09,0.00548469836312291
4.105,1.18456264973409E-09,-0.000266015229507654,-1.81674829447584E-09,-7.45332899103839E-07,-1.81674829470442E-09,-7.45332899103854E-07,9.52722118849336E-09,0.00548811465734807
4.1075,1.1824734706884E-09,-0.000262389991593387,-1.81759820145479E-09,-7.49296457261548E-07,-1.81759820170368E-09,-7.49296457261634E-07,9.53308232992667E-09,0.00549153108941535
4.11,1.18038446907998E-09,-0.000258766784401866,-1.81844915264313E-09,-7.53267717938831E-07,-1.81844915281571E-09,-7.53267717938792E-07,9.53894261732091E-09,0.00549494765941451
4.1125,1.17829560041752E-09,-0.000255145603687324,-1.81930120355443E-09,-7.57246690698613E-07,-1.81930120351812E-09,-7.57246690698631E-07,9.54480206927233E-09,0.00549836436743536
4.115,1.17620683000872E-09,-0.00025152644521381,-1.82015440763156E-09,-7.6123338510284E-07,-1.82015440767166E-09,-7.61233385102929E-07,9.55066071547939E-09,0.00550178121356778
4.1175,1.17411812765636E-09,-0.000247909304755168,-1.82100881433482E-09,-7.6522781071128E-07,-1.82100881444595E-09,-7.65227810711505E-07,9.55651859577134E-09,0.00550519819790174
4.12,1.17202946168875E-09,-0.000244294178094999,-1.82186446215582E-09,-7.69229977082919E-07,-1.82186446211813E-09,-7.69229977082949E-07,9.5623757319363E-09,0.00550861532052725
4.1225,1.1699408082556E-09,-0.000240681061026635,-1.82272138975743E-09,-7.73239893774619E-07,-1.82272138968582E-09,-7.73239893774537E-07,9.56823217435066E-09,0.0055120325815344
4.125,1.16785214334726E-09,-0.000237069949353109,-1.82357964134135E-09,-7.77257570343002E-07,-1.8235796414537E-09,-7.77257570343036E-07,9.57408794924342E-09,0.00551544998101336
4.1275,1.16576345084163E-09,-0.000233460838887122,-1.82443923866931E-09,-7.81283016345133E-07,-1.82443923866286E-09,-7.8128301634517E-07,9.57994309686017E-09,0.00551886751905433
4.13,1.16367471368639E-09,-0.000229853725451021,-1.82530021334116E-09,-7.85316241336566E-07,-1.82530021360351E-09,-7.8531624133656E-07,9.5857976611935E-09,0.00552228519574761
4.1325,1.16158591751802E-09,-0.000226248604876763,-1.82616258405311E-09,-7.89357254874011E-07,-1.82616258375208E-09,-7.89357254874054E-07,9.59165168415432E-09,0.00552570301118355
4.135,1.15949705677891E-09,-0.000222645473005886,-1.8270263745881E-09,-7.93406066515008E-07,-1.82702637417585E-09,-7.93406066515024E-07,9.59750520612701E-09,0.00552912096545256
4.1375,1.1574081190197E-09,-0.000219044325689483,-1.82789160607732E-09,-7.97462685816794E-07,-1.82789160568527E-09,-7.97462685816514E-07,9.60335826319381E-09,0.00553253905864511
4.14,1.15531910104797E-09,-0.000215445158788171,-1.82875828696684E-09,-8.01527122338558E-07,-1.82875828702564E-09,-8.01527122338886E-07,9.6092109018453E-09,0.00553595729085174
4.1425,1.15323000184726E-09,-0.000211847968172063,-1.82962643206646E-09,-8.05599385641032E-07,-1.82962643164588E-09,-8.05599385641181E-07,9.61506316149441E-09,0.00553937566216305
4.145,1.15114082032146E-09,-0.000208252749720739,-1.83049604749421E-09,-8.09679485285874E-07,-1.83049604788335E-09,-8.09679485286064E-07,9.6209150994564E-09,0.00554279417266969
4.1475,1.14905155590352E-09,-0.000204659499323214,-1.83136714389614E-09,-8.13767430837844E-07,-1.83136714405032E-09,-8.13767430837772E-07,9.62676672960905E-09,0.00554621282246238
4.15,1.14696221773761E-09,-0.000201068212877915,-1.83223972211103E-09,-8.17863231862549E-07,-1.83223972241444E-09,-8.17863231862532E-07,9.63261812383931E-09,0.00554963161163189
4.1525,1.14487280661573E-09,-0.00019747888629265,-1.83311378443036E-09,-8.21966897928688E-07,-1.83311378443225E-09,-8.2196689792872E-07,9.6384692951923E-09,0.00555305054026904
4.155,1.14278333486148E-09,-0.000193891515484577,-1.83398933453707E-09,-8.26078438609039E-07,-1.83398933426696E-09,-8.26078438609103E-07,9.64432031430595E-09,0.00555646960846475
4.1575,1.14069380975255E-09,-0.000190306096380178,-1.83486636243529E-09,-8.30197863477194E-07,-1.8348663625547E-09,-8.30197863477327E-07,9.65017120116429E-09,0.00555988881630994
4.16,1.13860424415517E-09,-0.000186722624915231,-1.83574487116234E-09,-8.34325182111924E-07,-1.83574487108983E-09,-8.34325182111721E-07,9.65602201030702E-09,0.00556330816389561
4.1625,1.13651464996305E-09,-0.00018314109703478,-1.83662485135121E-09,-8.38460404094032E-07,-1.83662485123507E-09,-8.3846040409395E-07,9.66187276407737E-09,0.00556672765131282
4.165,1.13442504291446E-09,-0.000179561508693111,-1.83750629649312E-09,-8.42603539009053E-07,-1.83750629638043E-09,-8.42603539009027E-07,9.66772351757017E-09,0.00557014727865269
4.1675,1.13233543821804E-09,-0.000175983855853719,-1.83838920194424E-09,-8.46754596447113E-07,-1.83838920160899E-09,-8.46754596446951E-07,9.67357429396132E-09,0.00557356704600637
4.17,1.13024585467008E-09,-0.000172408134489282,-1.83927354942188E-09,-8.50913586000453E-07,-1.8392735497234E-09,-8.50913586000515E-07,9.67942514432108E-09,0.00557698695346508
4.1725,1.12815631052527E-09,-0.000168834340581637,-1.84015933367861E-09,-8.5508051726847E-07,-1.8401593337699E-09,-8.55080517268399E-07,9.68527610237247E-09,0.00558040700112008
4.175,1.12606682599369E-09,-0.000165262470121743,-1.84104654303859E-09,-8.59255399853827E-07,-1.84104654289151E-09,-8.5925539985361E-07,9.6911271937894E-09,0.00558382718906271
4.1775,1.12397742157598E-09,-0.000161692519109666,-1.84193515983423E-09,-8.6343824336355E-07,-1.8419351595646E-09,-8.63438243363435E-07,9.69697845715212E-09,0.00558724751738432
4.18,1.12188812052122E-09,-0.000158124483554541,-1.84282517094466E-09,-8.67629057411262E-07,-1.84282517107245E-09,-8.67629057411303E-07,9.70282992993066E-09,0.00559066798617635
4.1825,1.11979894479753E-09,-0.000154558359474547,-1.84371656135203E-09,-8.71827851615425E-07,-1.84371656116714E-09,-8.71827851615487E-07,9.70868163530092E-09,0.00559408859553026
4.185,1.1177099206499E-09,-0.000150994142896886,-1.84460931289356E-09,-8.76034635600181E-07,-1.84460931327302E-09,-8.76034635600107E-07,9.71453360837371E-09,0.00559750934553758
4.1875,1.11562107223519E-09,-0.000147431829857747,-1.84550341246721E-09,-8.80249418995328E-07,-1.84550341289764E-09,-8.80249418995115E-07,9.7203858769046E-09,0.00560093023628987
4.19,1.11353242652264E-09,-0.000143871416402284,-1.8463988363877E-09,-8.84472211435719E-07,-1.8463988363557E-09,-8.84472211435758E-07,9.72623846892673E-09,0.00560435126787875
4.1925,1.11144400955968E-09,-0.00014031289858459,-1.84729557273431E-09,-8.88703022564692E-07,-1.84729557256795E-09,-8.88703022564727E-07,9.73209141039155E-09,0.00560777244039589
4.195,1.10935584891702E-09,-0.000136756272467664,-1.84819359794404E-09,-8.92941862030859E-07,-1.8481935975775E-09,-8.9294186203085E-07,9.73794472322598E-09,0.005611193753933
4.1975,1.1072679732493E-09,-0.000133201534123392,-1.84909289478272E-09,-8.97188739488857E-07,-1.84909289494789E-09,-8.97188739488902E-07,9.7437984444837E-09,0.00561461520858185
4.2,1.10518040894277E-09,-0.000129648679632514,-1.8499934428717E-09,-9.01443664600742E-07,-1.84999344288061E-09,-9.01443664600657E-07,9.7496525723606E-09,0.00561803680443424
4.2025,1.10309318958058E-09,-0.000126097705084602,-1.85089522329448E-09,-9.0570664703505E-07,-1.85089522297838E-09,-9.05706647035035E-07,9.75550714835127E-09,0.00562145854158201
4.205,1.10100634252664E-09,-0.00012254860657803,-1.85179821163391E-09,-9.09977696468471E-07,-1.85179821187497E-09,-9.09977696468549E-07,9.76136218411306E-09,0.00562488042011707
4.2075,1.09891989868316E-09,-0.000119001380219947,-1.85270238960555E-09,-9.14256822584511E-07,-1.85270238954795E-09,-9.1425682258456E-07,9.76721770365452E-09,0.00562830244013137
4.21,1.09683389167231E-09,-0.000115456022126258,-1.85360773897738E-09,-9.18544035073327E-07,-1.85360773905575E-09,-9.18544035073473E-07,9.77307371946568E-09,0.00563172460171687
4.2125,1.09474834759438E-09,-0.000111912528421587,-1.8545142362737E-09,-9.22839343635453E-07,-1.85451423617216E-09,-9.22839343635454E-07,9.77893024278753E-09,0.00563514690496562
4.215,1.09266330126283E-09,-0.000108370895239259,-1.8554218581862E-09,-9.27142757975651E-07,-1.85542185836737E-09,-9.27142757975906E-07,9.7847872961021E-09,0.00563856934996968
4.2175,1.09057878570868E-09,-0.00010483111872127,-1.85633058946961E-09,-9.31454287809538E-07,-1.85633058941364E-09,-9.31454287809586E-07,9.79064488607073E-09,0.00564199193682117
4.22,1.08849483061252E-09,-0.000101293195018261,-1.85724039978106E-09,-9.35773942859935E-07,-1.85724039977818E-09,-9.35773942859693E-07,9.79650302393442E-09,0.00564541466561225
4.2225,1.08641146936763E-09,-9.77571202894967E-05,-1.85815127919426E-09,-9.40101732857402E-07,-1.85815127896988E-09,-9.40101732857673E-07,9.80236172676285E-09,0.00564883753643512
4.225,1.08432873516281E-09,-9.42228907028339E-05,-1.85906319705724E-09,-9.44437667543162E-07,-1.85906319718652E-09,-9.44437667543111E-07,9.80822099247436E-09,0.00565226054938201
4.2275,1.08224666022202E-09,-9.0690502434698E-05,-1.85997613479128E-09,-9.48781756664344E-07,-1.85997613466461E-09,-9.48781756664227E-07,9.8140808420244E-09,0.00565568370454522
4.23,1.08016527885647E-09,-8.71599516700577E-05,-1.86089007632548E-09,-9.53134009978183E-07,-1.86089007641707E-09,-9.53134009978091E-07,9.81994126847408E-09,0.00565910700201705
4.2325,1.07808462158131E-09,-8.36312346023999E-05,-1.86180499711163E-09,-9.57494437251578E-07,-1.86180499680603E-09,-9.57494437251546E-07,9.82580228320318E-09,0.00566253044188988
4.235,1.07600472361305E-09,-8.01043474337036E-05,-1.8627208749015E-09,-9.61863048260078E-07,-1.86272087495751E-09,-9.61863048260198E-07,9.83166388593415E-09,0.00566595402425609
4.2375,1.07392561885048E-09,-7.65792863744144E-05,-1.86363769020692E-09,-9.66239852787201E-07,-1.86363769004622E-09,-9.66239852787415E-07,9.83752609179378E-09,0.00566937774920815
4.24,1.071847337123E-09,-7.30560476434188E-05,-1.86455542684471E-09,-9.70624860628917E-07,-1.86455542666883E-09,-9.70624860628847E-07,9.84338888260217E-09,0.00567280161683851
4.2425,1.0697699168911E-09,-6.95346274680206E-05,-1.8654740613721E-09,-9.75018081587162E-07,-1.86547406141339E-09,-9.75018081587308E-07,9.84925227487388E-09,0.00567622562723971
4.245,1.06769338569768E-09,-6.60150220839152E-05,-1.86639357692972E-09,-9.79419525476372E-07,-1.86639357706372E-09,-9.79419525476282E-07,9.85511625806179E-09,0.0056796497805043
4.2475,1.06561778110279E-09,-6.24972277351634E-05,-1.86731395053477E-09,-9.83829202119008E-07,-1.86731395017467E-09,-9.83829202119107E-07,9.86098083147202E-09,0.00568307407672486
4.25,1.06354313318914E-09,-5.89812406741682E-05,-1.86823516616522E-09,-9.88247121348461E-07,-1.86823516628091E-09,-9.88247121348497E-07,9.86684599371679E-09,0.00568649851599404
4.2525,1.06146947758786E-09,-5.54670571616479E-05,-1.86915720606942E-09,-9.92673293007761E-07,-1.86915720607158E-09,-9.92673293007844E-07,9.87271173771842E-09,0.00568992309840449
4.255,1.05939684451816E-09,-5.19546734666131E-05,-1.87008005005784E-09,-9.97107726950582E-07,-1.87008004967908E-09,-9.97107726950547E-07,9.87857805764825E-09,0.00569334782404892
4.2575,1.05732526886581E-09,-4.84440858663434E-05,-1.8710036843082E-09,-1.00155043304017E-06,-1.87100368466046E-09,-1.00155043304038E-06,9.88444496002883E-09,0.00569677269302009
4.26,1.05525478081129E-09,-4.49352906463591E-05,-1.87192808785448E-09,-1.00600142115174E-06,-1.87192808799766E-09,-1.00600142115181E-06,9.89031241876992E-09,0.00570019770541074
4.2625,1.05318541575722E-09,-4.14282841003989E-05,-1.8728532421846E-09,-1.01046070116891E-06,-1.87285324213283E-09,-1.01046070116872E-06,9.89618043456542E-09,0.00570362286131371
4.265,1.05111720312846E-09,-3.79230625303949E-05,-1.8737791362418E-09,-1.01492828298721E-06,-1.87377913576843E-09,-1.01492828298714E-06,9.90204898923541E-09,0.00570704816082183
4.2675,1.04905017728108E-09,-3.44196222464509E-05,-1.8747057516978E-09,-1.01940417651332E-06,-1.87470575142394E-09,-1.01940417651334E-06,9.90791809485359E-09,0.00571047360402799
4.27,1.04698436786334E-09,-3.09179595668129E-05,-1.87563307283691E-09,-1.023888391664E-06,-1.87563307275359E-09,-1.02388839166377E-06,9.9137877183908E-09,0.0057138991910251
4.2725,1.04491980724841E-09,-2.74180708178498E-05,-1.87656108470971E-09,-1.02838093836756E-06,-1.87656108459019E-09,-1.02838093836758E-06,9.91965786067972E-09,0.00571732492190612
4.275,1.04285652573633E-09,-2.39199523340267E-05,-1.87748977640506E-09,-1.03288182656358E-06,-1.87748977500927E-09,-1.03288182656363E-06,9.92552849840567E-09,0.00572075079676401
4.2775,1.04079455721733E-09,-2.04236004578814E-05,-1.87841912917019E-09,-1.03739106620232E-06,-1.8784191279352E-09,-1.03739106620224E-06,9.9313996261563E-09,0.00572417681569181
4.28,1.03873392699962E-09,-1.69290115400031E-05,-1.87934912863784E-09,-1.04190866724491E-06,-1.87934912729051E-09,-1.04190866724494E-06,9.93727123047017E-09,0.00572760297878256
4.2825,1.03667467124357E-09,-1.34361819390038E-05,-1.88027976720779E-09,-1.04643463966605E-06,-1.88027976555558E-09,-1.04643463966594E-06,9.94314329025303E-09,0.00573102928612933
4.285,1.03461681743616E-09,-9.94510802149775E-06,-1.8812110303922E-09,-1.05096899344987E-06,-1.88121102925274E-09,-1.05096899344985E-06,9.94901580009255E-09,0.00573445573782526
4.2875,1.0325603931287E-09,-6.45578616207776E-06,-1.88214290687538E-09,-1.05551173859215E-06,-1.88214290574069E-09,-1.05551173859242E-06,9.95488872973516E-09,0.00573788233396347
4.29,1.03050543183364E-09,-2.96821274328976E-06,-1.88307538356872E-09,-1.0600628851024E-06,-1.88307538248159E-09,-1.06006288510257E-06,9.9607620782094E-09,0.00574130907463716
4.2925,1.02845195997661E-09,5.17615844387322E-07,-1.88400844991084E-09,-1.06462244299964E-06,-1.88400844892254E-09,-1.06462244299946E-06,9.96663581623314E-09,0.00574473595993952
4.295,1.02640000710585E-09,4.00170320256841E-06,-1.88494209695034E-09,-1.0691904223159E-06,-1.8849420950225E-09,-1.06919042231564E-06,9.97250994005938E-09,0.00574816298996381
4.2975,1.02434959993125E-09,7.48405292498472E-06,-1.88587631668577E-09,-1.07376683309567E-06,-1.88587631498139E-09,-1.07376683309564E-06,9.97838441832433E-09,0.00575159016480329
4.3,1.02230077018045E-09,1.0964668597506E-05,-1.886811095932E-09,-1.07835168539438E-06,-1.88681109437184E-09,-1.07835168539439E-06,9.98425924061963E-09,0.00575501748455126
4.3025,1.02025354185203E-09,1.44435537981642E-05,-1.88774642922933E-09,-1.08294498928119E-06,-1.88774642782082E-09,-1.08294498928125E-06,9.99013438335306E-09,0.00575844494930107
4.305,1.01820794227462E-09,1.79207120971758E-05,-1.88868230887158E-09,-1.08754675483603E-06,-1.88868230677934E-09,-1.08754675483589E-06,9.99600983278559E-09,0.00576187255914606
4.3075,1.01616400143701E-09,2.13961470569674E-05,-1.88961872240998E-09,-1.09215699215051E-06,-1.88961872093929E-09,-1.09215699215048E-06,1.00018855664352E-08,0.00576530031417963
4.31,1.0141217418339E-09,2.48698622321951E-05,-1.89055567093781E-09,-1.09677571133253E-06,-1.89055566984514E-09,-1.09677571133255E-06,1.00077615643179E-08,0.00576872821449521
4.3125,1.01208119042851E-09,2.83418611697712E-05,-1.89149313991358E-09,-1.1014029224978E-06,-1.89149313985395E-09,-1.10140292249796E-06,1.00136378079763E-08,0.00577215626018624
4.315,1.01004237560325E-09,3.18121474088816E-05,-1.89243113252614E-09,-1.10603863577759E-06,-1.89243113229188E-09,-1.10603863577815E-06,1.00195142820059E-08,0.0057755844513462
4.3175,1.0080053195453E-09,3.52807244810152E-05,-1.89336963576973E-09,-1.11068286131576E-06,-1.89336963580913E-09,-1.1106828613157E-06,1.00253909618431E-08,0.00577901278806861
4.32,1.00597004840206E-09,3.87475959099806E-05,-1.89430864810645E-09,-1.11533560926648E-06,-1.89430864843296E-09,-1.11533560926665E-06,1.00312678212588E-08,0.005782441270447
4.3225,1.00393658621243E-09,4.22127652119335E-05,-1.89524816595151E-09,-1.11999688979988E-06,-1.89524816594267E-09,-1.11999688980018E-06,1.00371448548409E-08,0.00578586989857493
4.325,1.00190495661179E-09,4.56762358953938E-05,-1.89618818503883E-09,-1.12466671309733E-06,-1.89618818504503E-09,-1.12466671309711E-06,1.00430220292824E-08,0.005789298672546
4.3275,9.99875183296319E-10,4.91380114612726E-05,-1.89712870287751E-09,-1.12934508935247E-06,-1.89712870303272E-09,-1.12934508935236E-06,1.00488993277914E-08,0.00579272759245382
4.33,9.97847288798724E-10,5.25980954028937E-05,-1.89806971648867E-09,-1.13403202877376E-06,-1.89806971664761E-09,-1.13403202877392E-06,1.0054776732743E-08,0.00579615665839206
4.3325,9.95821298210186E-10,5.60564912060132E-05,-1.89901122379543E-09,-1.13872754158201E-06,-1.89901122429521E-09,-1.13872754158206E-06,1.00606542270676E-08,0.00579958587045437
4.335,9.93797228908603E-10,5.95132023488457E-05,-1.89995322435515E-09,-1.14343163801114E-06,-1.89995322441485E-09,-1.14343163801103E-06,1.00665317744053E-08,0.00580301522873446
4.3375,9.91775106966395E-10,6.29682323020807E-05,-1.90089571381992E-09,-1.14814432830716E-06,-1.9008957132541E-09,-1.14814432830754E-06,1.00724093718418E-08,0.00580644473332606
4.34,9.89754951719155E-10,6.6421584528911E-05,-1.90183869927079E-09,-1.15286562273297E-06,-1.90183869935509E-09,-1.15286562273278E-06,1.00782869999483E-08,0.00580987438432292
4.3425,9.87736784827345E-10,6.98732624850505E-05,-1.90278217332778E-09,-1.15759553156018E-06,-1.90278217319215E-09,-1.15759553156079E-06,1.00841646305527E-08,0.00581330418181884
4.345,9.85720627543361E-10,7.33232696187572E-05,-1.90372614025978E-09,-1.16233406507755E-06,-1.90372614015143E-09,-1.16233406507747E-06,1.00900422463079E-08,0.00581673412590759
4.3475,9.83706496265964E-10,7.6771609370856E-05,-1.90467059985522E-09,-1.16708123358509E-06,-1.90467059982409E-09,-1.16708123358516E-06,1.00959198262585E-08,0.00582016421668304
4.35,9.81694414188745E-10,8.02182851747571E-05,-1.90561555773236E-09,-1.17183704739827E-06,-1.9056155577203E-09,-1.17183704739838E-06,1.01017973536122E-08,0.00582359445423903
4.3525,9.79684397785344E-10,8.36633004564821E-05,-1.90656100785118E-09,-1.17660151684428E-06,-1.90656100796464E-09,-1.17660151684425E-06,1.01076748079687E-08,0.00582702483866944
4.355,9.77676468355522E-10,8.71066586346818E-05,-1.90750696384439E-09,-1.1813746522647E-06,-1.90750696379926E-09,-1.1813746522651E-06,1.01135521785034E-08,0.00583045537006818
4.3575,9.75670643390983E-10,9.05483631206614E-05,-1.9084534173664E-09,-1.18615646401586E-06,-1.90845341721285E-09,-1.18615646401574E-06,1.01194294387097E-08,0.00583388604852919
4.36,9.73666939151237E-10,9.39884173183964E-05,-1.90940038500237E-09,-1.19094696246674E-06,-1.90940038488369E-09,-1.19094696246666E-06,1.01253065737383E-08,0.00583731687414642
4.3625,9.71665374638553E-10,9.74268246245601E-05,-1.91034785842964E-09,-1.19574615800022E-06,-1.91034785838237E-09,-1.19574615800029E-06,1.0131183571932E-08,0.00584074784701385
4.365,9.6966596678722E-10,0.000100863588428542,-1.91129585141021E-09,-1.20055406101424E-06,-1.91129585098744E-09,-1.20055406101417E-06,1.01370604080331E-08,0.00584417896722549
4.3675,9.67668727782994E-10,0.000104298712112467,-1.91224436514423E-09,-1.2053706819189E-06,-1.91224436523018E-09,-1.20537068191888E-06,1.01429370671924E-08,0.00584761023487538
4.37,9.65673678913912E-10,0.000107732199051221,-1.91319340219648E-09,-1.21019603113984E-06,-1.91319340244527E-09,-1.2101960311398E-06,1.01488135367811E-08,0.00585104165005755
4.3725,9.63680835048316E-10,0.000111164052612466,-1.91414297402783E-09,-1.21503011911537E-06,-1.91414297431568E-09,-1.21503011911561E-06,1.0154689803199E-08,0.00585447321286609
4.375,9.61690210012631E-10,0.000114594276156669,-1.91509308511146E-09,-1.21987295630062E-06,-1.91509308544898E-09,-1.21987295630093E-06,1.01605658497927E-08,0.00585790492339511
4.3775,9.59701819791927E-10,0.000118022873037116,-1.91604374294201E-09,-1.22472455316206E-06,-1.91604374313842E-09,-1.22472455316211E-06,1.01664416619907E-08,0.00586133678173871
4.38,9.57715676209699E-10,0.000121449846599936,-1.91699495522688E-09,-1.2295849201815E-06,-1.91699495503684E-09,-1.22958492018134E-06,1.01723172275803E-08,0.00586476878799106
4.3825,9.55731796115262E-10,0.00012487520018412,-1.91794672693544E-09,-1.23445406785435E-06,-1.91794672686059E-09,-1.23445406785456E-06,1.01781925333777E-08,0.00586820094224631
4.385,9.53750189880366E-10,0.000128298937121543,-1.91889906704888E-09,-1.23933200669164E-06,-1.91889906700026E-09,-1.23933200669179E-06,1.01840675645337E-08,0.00587163324459865
4.3875,9.51770873255215E-10,0.000131721060736987,-1.9198519888501E-09,-1.24421874721816E-06,-1.91985198897359E-09,-1.24421874721847E-06,1.01899423109175E-08,0.00587506569514231
4.39,9.49793857492744E-10,0.000135141574348155,-1.92080549327066E-09,-1.24911429997296E-06,-1.92080549322001E-09,-1.24911429997289E-06,1.01958167623983E-08,0.00587849829397152
4.3925,9.47819155997485E-10,0.0001385604812657,-1.92175959591032E-09,-1.25401867550895E-06,-1.92175959610605E-09,-1.25401867550897E-06,1.02016909156455E-08,0.00588193104118053
4.395,9.45846778314214E-10,0.000141977784793235,-1.92271430665071E-09,-1.25893188439488E-06,-1.92271430644878E-09,-1.25893188439474E-06,1.02075647497035E-08,0.00588536393686362
4.3975,9.43876737718172E-10,0.000145393488227365,-1.92366963056731E-09,-1.26385393721364E-06,-1.92366963088454E-09,-1.26385393721369E-06,1.02134382613805E-08,0.0058887969811151
4.4,9.41909046687714E-10,0.000148807594857699,-1.92462558137224E-09,-1.26878484456158E-06,-1.92462558141293E-09,-1.26878484456163E-06,1.02193114476234E-08,0.00589223017402928
4.4025,9.3994371337875E-10,0.000152220107966872,-1.92558217244829E-09,-1.27372461705126E-06,-1.92558217267834E-09,-1.27372461705139E-06,1.02251842920564E-08,0.00589566351570051
4.405,9.37980747540155E-10,0.000155631030830567,-1.92653941075028E-09,-1.27867326530921E-06,-1.92653941058894E-09,-1.27867326530948E-06,1.02310567896835E-08,0.00589909700622315
4.4075,9.36020160714887E-10,0.000159040366717533,-1.92749730720494E-09,-1.2836307999765E-06,-1.92749730742628E-09,-1.28363079997653E-06,1.02369289439741E-08,0.0059025306456916
4.41,9.34061962552346E-10,0.000162448118889607,-1.92845587859994E-09,-1.28859723170937E-06,-1.92845587880329E-09,-1.28859723170918E-06,1.02428007427158E-08,0.00590596443420024
4.4125,9.32106161521777E-10,0.000165854290601733,-1.92941513462565E-09,-1.29357257117836E-06,-1.92941513467732E-09,-1.29357257117849E-06,1.02486721841044E-08,0.00590939837184351
4.415,9.30152766673016E-10,0.000169258885101982,-1.93037508831605E-09,-1.29855682906989E-06,-1.93037508813932E-09,-1.29855682907012E-06,1.02545432666135E-08,0.00591283245871586
4.4175,9.28201784914057E-10,0.000172661905631568,-1.93133574928106E-09,-1.30355001608356E-06,-1.93133574962993E-09,-1.30355001608338E-06,1.02604139863571E-08,0.00591626669491175
4.42,9.26253226436942E-10,0.000176063355424877,-1.93229713575655E-09,-1.30855214293531E-06,-1.93229713546351E-09,-1.30855214293534E-06,1.02662843400048E-08,0.00591970108052567
4.4225,9.24307097555522E-10,0.000179463237709476,-1.93325925845902E-09,-1.3135632203554E-06,-1.93325925860519E-09,-1.31356322035546E-06,1.02721543306095E-08,0.00592313561565211
4.425,9.22363405444506E-10,0.000182861555706141,-1.93422213038121E-09,-1.31858325908919E-06,-1.93422213014404E-09,-1.31858325908942E-06,1.02780239560896E-08,0.00592657030038562
4.4275,9.2042215799038E-10,0.000186258312628872,-1.93518576766374E-09,-1.32361226989748E-06,-1.93518576770541E-09,-1.32361226989762E-06,1.02838932262983E-08,0.00593000513482073
4.43,9.1848336252723E-10,0.000189653511684911,-1.93615018343114E-09,-1.32865026355598E-06,-1.93615018289107E-09,-1.32865026355617E-06,1.02897621351294E-08,0.005933440119052
4.4325,9.16547022554318E-10,0.00019304715607477,-1.93711539087588E-09,-1.33369725085426E-06,-1.93711539108236E-09,-1.33369725085457E-06,1.02956306882729E-08,0.00593687525317402
4.435,9.14613147001133E-10,0.000196439248992238,-1.93808140823707E-09,-1.33875324259937E-06,-1.93808140831767E-09,-1.33875324259906E-06,1.03014988922512E-08,0.00594031053728139
4.4375,9.12681739144677E-10,0.000199829793624412,-1.93904824622095E-09,-1.34381824960997E-06,-1.93904824570578E-09,-1.34381824961003E-06,1.03073667487297E-08,0.00594374597146874
4.44,9.10752805694535E-10,0.000203218793151706,-1.94001592671563E-09,-1.34889228272441E-06,-1.94001592675222E-09,-1.3488922827244E-06,1.03132342631207E-08,0.00594718155583069
4.4425,9.08826352258741E-10,0.000206606250747879,-1.94098445772424E-09,-1.35397535279303E-06,-1.94098445719162E-09,-1.3539753527931E-06,1.03191014519388E-08,0.00595061729046191
4.445,9.06902382834208E-10,0.000209992169580047,-1.94195385655411E-09,-1.35906747068227E-06,-1.94195385670823E-09,-1.35906747068253E-06,1.03249683143514E-08,0.00595405317545707
4.4475,9.04980902495544E-10,0.000213376552808709,-1.94292414393174E-09,-1.36416864727454E-06,-1.94292414399493E-09,-1.36416864727446E-06,1.03308348704811E-08,0.00595748921091087
4.45,9.03061912247804E-10,0.000216759403587759,-1.94389533493127E-09,-1.3692788934664E-06,-1.94389533479893E-09,-1.3692788934665E-06,1.03367011121402E-08,0.00596092539691801
4.4525,9.01145421166845E-10,0.000220140725064507,-1.94486744068047E-09,-1.37439822017003E-06,-1.94486744089152E-09,-1.37439822017035E-06,1.03425670705537E-08,0.00596436173357324
4.455,8.99231428725745E-10,0.000223520520379703,-1.94584048278401E-09,-1.37952663831429E-06,-1.94584048285919E-09,-1.37952663831439E-06,1.03484327450276E-08,0.00596779822097128
4.4575,8.97319940819852E-10,0.000226898792667549,-1.94681447453396E-09,-1.38466415884134E-06,-1.94681447403814E-09,-1.38466415884161E-06,1.03542981551297E-08,0.00597123485920692
4.46,8.9541095874804E-10,0.000230275545055719,-1.94778943586785E-09,-1.38981079271116E-06,-1.94778943632427E-09,-1.38981079271113E-06,1.03601633133499E-08,0.00597467164837492
4.4625,8.93504484996387E-10,0.000233650780665382,-1.94876538147338E-09,-1.39496655089673E-06,-1.94876538147057E-09,-1.3949665508967E-06,1.03660282294027E-08,0.0059781085885701
4.465,8.91600525501982E-10,0.000237024502611216,-1.94974233295655E-09,-1.40013144438872E-06,-1.94974233303177E-09,-1.40013144438875E-06,1.03718929293783E-08,0.00598154567988725
4.4675,8.89699078596238E-10,0.000240396714001428,-1.95072030109339E-09,-1.40530548419109E-06,-1.950720301152E-09,-1.40530548419123E-06,1.03777574322894E-08,0.00598498292242123
4.47,8.87800148396956E-10,0.000243767417937773,-1.95169930832796E-09,-1.4104886813259E-06,-1.9516993080972E-09,-1.41048868132591E-06,1.0383621743687E-08,0.00598842031626687
4.4725,8.85903736834014E-10,0.000247136617515573,-1.95267936972055E-09,-1.41568104682865E-06,-1.95267936995145E-09,-1.41568104682865E-06,1.03894858885512E-08,0.00599185786151903
4.475,8.84009844978606E-10,0.000250504315823731,-1.95366050586612E-09,-1.42088259175145E-06,-1.95366050559609E-09,-1.42088259175135E-06,1.03953498981069E-08,0.00599529555827262
4.4775,8.82118474064553E-10,0.000253870515944756,-1.95464273247845E-09,-1.42609332716176E-06,-1.95464273282902E-09,-1.426093327162E-06,1.04012137769338E-08,0.00599873340662252
4.48,8.8022962623749E-10,0.000257235220954776,-1.95562606672954E-09,-1.43131326414287E-06,-1.95562606678717E-09,-1.43131326414289E-06,1.04070775598653E-08,0.00600217140666364
4.4825,8.78343301864964E-10,0.000260598433923559,-1.9566105305903E-09,-1.43654241379379E-06,-1.95661053025163E-09,-1.43654241379376E-06,1.04129412663301E-08,0.00600560955849091
4.485,8.76459502021417E-10,0.000263960157914531,-1.95759613630617E-09,-1.44178078722858E-06,-1.95759613666097E-09,-1.44178078722853E-06,1.04188049220022E-08,0.0060090478621993
4.4875,8.74578227136194E-10,0.000267320395984789,-1.95858290678158E-09,-1.44702839557755E-06,-1.95858290642132E-09,-1.44702839557772E-06,1.04246685488085E-08,0.00601248631788374
4.49,8.72699478618759E-10,0.000270679151185128,-1.95957086024485E-09,-1.45228524998793E-06,-1.95957086035873E-09,-1.45228524998796E-06,1.04305321778353E-08,0.00601592492563923
4.4925,8.70823255698242E-10,0.00027403642656005,-1.96056001296055E-09,-1.45755136162034E-06,-1.96056001274062E-09,-1.45755136162026E-06,1.04363958307319E-08,0.00601936368556075
4.495,8.68949559289711E-10,0.00027739222514779,-1.96155038963421E-09,-1.46282674165264E-06,-1.96155038953118E-09,-1.46282674165259E-06,1.04422595383069E-08,0.00602280259774331
4.4975,8.67078387683379E-10,0.000280746549980326,-1.96254199803493E-09,-1.46811140127834E-06,-1.96254199771936E-09,-1.46811140127839E-06,1.04481233312304E-08,0.00602624166228194
4.5,8.65209743516025E-10,0.000284099404083401,-1.96353486428123E-09,-1.47340535170687E-06,-1.96353486430911E-09,-1.47340535170692E-06,1.0453987240866E-08,0.00602968087927167
4.5025,8.63343625328314E-10,0.000287450790476544,-1.96452900343611E-09,-1.47870860416315E-06,-1.96452900333274E-09,-1.47870860416294E-06,1.04598513010756E-08,0.00603312024880756
4.505,8.61480033200477E-10,0.000290800712173077,-1.96552444064002E-09,-1.48402116988845E-06,-1.96552444093434E-09,-1.48402116988849E-06,1.04657155404475E-08,0.00603655977098468
4.5075,8.59618963579582E-10,0.000294149172180146,-1.96652118727415E-09,-1.48934306013911E-06,-1.96652118715601E-09,-1.4893430601391E-06,1.04715799863209E-08,0.0060399994458981
4.51,8.5776042022998E-10,0.000297496173498726,-1.96751926386989E-09,-1.49467428618854E-06,-1.96751926397699E-09,-1.49467428618867E-06,1.04774446804679E-08,0.00604343927364292
4.5125,8.5590440044225E-10,0.000300841719123651,-1.96851869324497E-09,-1.50001485932567E-06,-1.96851869328427E-09,-1.50001485932565E-06,1.04833096585544E-08,0.00604687925431425
4.515,8.54050903018348E-10,0.000304185812043619,-1.96951949058921E-09,-1.50536479085509E-06,-1.96951949048448E-09,-1.50536479085538E-06,1.04891749513891E-08,0.00605031938800722
4.5175,8.52199928153431E-10,0.000307528455241215,-1.97052167620774E-09,-1.51072409209841E-06,-1.97052167577331E-09,-1.51072409209824E-06,1.04950406019932E-08,0.00605375967481697
4.52,8.50351474525855E-10,0.000310869651692933,-1.97152526713555E-09,-1.51609277439076E-06,-1.97152526683949E-09,-1.51609277439069E-06,1.05009066428408E-08,0.00605720011483865
4.5225,8.4850554036512E-10,0.000314209404369184,-1.97253028401771E-09,-1.52147084908614E-06,-1.97253028363912E-09,-1.52147084908635E-06,1.05067731165365E-08,0.00606064070816743
4.525,8.46662124001554E-10,0.000317547716234322,-1.97353674290106E-09,-1.52685832755343E-06,-1.97353674306254E-09,-1.52685832755343E-06,1.05126400500033E-08,0.00606408145489848
4.5275,8.4482122769897E-10,0.000320884590246651,-1.97454466489867E-09,-1.53225522117694E-06,-1.9745446648077E-09,-1.53225522117704E-06,1.05185075052749E-08,0.006067522355127
4.53,8.42982845561478E-10,0.000324220029358452,-1.97555407007845E-09,-1.53766154135917E-06,-1.97555407009204E-09,-1.53766154135918E-06,1.0524375503862E-08,0.0060709634089482
4.5325,8.41146979833375E-10,0.000327554036515996,-1.9765649744393E-09,-1.54307729951585E-06,-1.97656497466471E-09,-1.54307729951574E-06,1.05302441029409E-08,0.0060744046164573
4.535,8.39313627760789E-10,0.000330886614659561,-1.9775773965234E-09,-1.54850250708139E-06,-1.9775773967091E-09,-1.54850250708085E-06,1.05361133341531E-08,0.00607784597774953
4.5375,8.37482788476358E-10,0.000334217766723443,-1.97859135998758E-09,-1.55393717550408E-06,-1.97859135957199E-09,-1.55393717550397E-06,1.05419832395481E-08,0.00608128749292014
4.54,8.35654461197287E-10,0.000337547495635988,-1.97960687426547E-09,-1.55938131625074E-06,-1.97960687447015E-09,-1.55938131625036E-06,1.05478538789394E-08,0.00608472916206438
4.5425,8.33828643258608E-10,0.000340875804319591,-1.980623966161E-09,-1.56483494080214E-06,-1.98062396593552E-09,-1.56483494080204E-06,1.05537252755028E-08,0.00608817098527754
4.545,8.32005335091833E-10,0.000344202695690728,-1.98164264799175E-09,-1.57029806065725E-06,-1.98164264804891E-09,-1.57029806065713E-06,1.05595974909944E-08,0.00609161296265488
4.5475,8.3018453381949E-10,0.00034752817265996,-1.98266294239857E-09,-1.57577068732985E-06,-1.98266294212041E-09,-1.57577068732962E-06,1.05654705646885E-08,0.00609505509429172
4.55,8.28366239111981E-10,0.000350852238131957,-1.98368486805339E-09,-1.58125283235105E-06,-1.98368486771444E-09,-1.58125283235063E-06,1.05713445486266E-08,0.00609849738028335
4.5525,8.26550449997861E-10,0.000354174895005516,-1.98470844053844E-09,-1.5867445072666E-06,-1.98470844061423E-09,-1.58674450726656E-06,1.05772194837483E-08,0.00610193982072511
4.555,8.24737164625312E-10,0.000357496146173568,-1.98573367614506E-09,-1.59224572364032E-06,-1.9857336760549E-09,-1.59224572364032E-06,1.05830954250097E-08,0.00610538241571233
4.5575,8.22926381411401E-10,0.000360815994523209,-1.98676059417558E-09,-1.59775649305097E-06,-1.98676059406229E-09,-1.59775649305078E-06,1.05889724136277E-08,0.00610882516534034
4.56,8.21118100180485E-10,0.000364134442935703,-1.98778921745331E-09,-1.60327682709552E-06,-1.98778921719168E-09,-1.60327682709532E-06,1.05948505038644E-08,0.00611226806970452
4.5625,8.19312319609838E-10,0.000367451494286503,-1.98881955911952E-09,-1.60880673738435E-06,-1.98881955923553E-09,-1.60880673738458E-06,1.06007297438759E-08,0.00611571112890022
4.565,8.17509039218074E-10,0.000370767151445271,-1.98985163743702E-09,-1.61434623554698E-06,-1.98985163754882E-09,-1.61434623554694E-06,1.06066101851487E-08,0.00611915434302283
4.5675,8.15708257808235E-10,0.00037408141727589,-1.99088546797626E-09,-1.61989533322701E-06,-1.99088546828679E-09,-1.61989533322704E-06,1.0612491881945E-08,0.00612259771216774
4.57,8.13909974372012E-10,0.000377394294636481,-1.99192107237303E-09,-1.62545404208611E-06,-1.99192107216737E-09,-1.62545404208612E-06,1.06183748745103E-08,0.00612604123643036
4.5725,8.12114188599323E-10,0.00038070578637942,-1.99295846435555E-09,-1.63102237380221E-06,-1.99295846443571E-09,-1.63102237380178E-06,1.06242592275152E-08,0.0061294849159061
4.575,8.10320902170682E-10,0.000384015895351352,-1.99399766374642E-09,-1.63660034006851E-06,-1.9939976640586E-09,-1.63660034006829E-06,1.06301449930013E-08,0.00613292875069039
4.5775,8.08530109300786E-10,0.000387324624393212,-1.99503868642654E-09,-1.64218795259606E-06,-1.99503868487728E-09,-1.64218795259516E-06,1.0636032211353E-08,0.00613637274087866
4.58,8.06741815068037E-10,0.000390631976340233,-1.99608154678075E-09,-1.64778522311033E-06,-1.99608154670621E-09,-1.64778522310983E-06,1.06419209455755E-08,0.00613981688656636
4.5825,8.04956016493049E-10,0.000393937954021971,-1.99712626506548E-09,-1.65339216335547E-06,-1.99712626344751E-09,-1.65339216335476E-06,1.06478112506248E-08,0.00614326118784896
4.585,8.03172713517274E-10,0.000397242560262315,-1.99817285645752E-09,-1.65900878509075E-06,-1.9981728563886E-09,-1.6590087850902E-06,1.06537031716036E-08,0.00614670564482192
4.5875,8.01391907645586E-10,0.000400545797879501,-1.99922133600167E-09,-1.66463510009197E-06,-1.99922133555281E-09,-1.66463510009154E-06,1.0659596767354E-08,0.00615015025758072
4.59,7.99613599237938E-10,0.000403847669686136,-2.00027172235848E-09,-1.67027112015273E-06,-2.00027172180818E-09,-1.67027112015294E-06,1.06654920961624E-08,0.00615359502622086
4.5925,7.97837787912693E-10,0.000407148178489206,-2.00132403052448E-09,-1.67591685708307E-06,-2.00132403060641E-09,-1.6759168570823E-06,1.06713892018828E-08,0.00615703995083783
4.595,7.96064475391562E-10,0.000410447327090093,-2.0023782744016E-09,-1.68157232270498E-06,-2.00237827458246E-09,-1.68157232270503E-06,1.06772881544592E-08,0.00616048503152715
4.5975,7.94293660919942E-10,0.000413745118284596,-2.0034344727674E-09,-1.68723752886481E-06,-2.00343447313441E-09,-1.6872375288645E-06,1.06831889946923E-08,0.00616393026838433
4.6,7.92525348463843E-10,0.000417041554862939,-2.00449263940128E-09,-1.69291248741874E-06,-2.00449263920558E-09,-1.69291248741839E-06,1.06890917850322E-08,0.00616737566150491
4.6025,7.90759535906904E-10,0.000420336639609794,-2.00555278840776E-09,-1.69859721024356E-06,-2.00555278838343E-09,-1.69859721024305E-06,1.06949965773817E-08,0.00617082121098443
4.605,7.88996227245494E-10,0.000423630375304288,-2.00661493790555E-09,-1.70429170923091E-06,-2.00661493636998E-09,-1.70429170922985E-06,1.07009034309991E-08,0.00617426691691845
4.6075,7.87235422696451E-10,0.000426922764720024,-2.00767910014959E-09,-1.70999599628847E-06,-2.00767910003866E-09,-1.70999599628821E-06,1.07068123977871E-08,0.00617771277940251
4.61,7.85477126921848E-10,0.0004302138106251,-2.00874528902472E-09,-1.71571008334201E-06,-2.00874528917983E-09,-1.71571008334147E-06,1.07127235358939E-08,0.0061811587985322
4.6125,7.83721339138888E-10,0.000433503515782113,-2.00981352456394E-09,-1.72143398233422E-06,-2.0098135245342E-09,-1.72143398233334E-06,1.07186368922263E-08,0.00618460497440309
4.615,7.81968064545238E-10,0.000436791882948188,-2.01088381412628E-09,-1.7271677052218E-06,-2.01088381371991E-09,-1.72716770522172E-06,1.07245525333977E-08,0.00618805130711078
4.6175,7.80217303253655E-10,0.000440078914874979,-2.01195617388316E-09,-1.73291126398166E-06,-2.01195617398406E-09,-1.73291126398112E-06,1.07304705095068E-08,0.00619149779675085
4.62,7.78469061418069E-10,0.000443364614308696,-2.01303062028029E-09,-1.73866467060476E-06,-2.01303062057851E-09,-1.73866467060393E-06,1.07363908752323E-08,0.00619494444341892
4.6225,7.76723338732736E-10,0.000446648983990115,-2.01410716412175E-09,-1.74442793709897E-06,-2.01410716432381E-09,-1.74442793709846E-06,1.07423136773421E-08,0.00619839124721061
4.625,7.7498014379538E-10,0.000449932026654592,-2.01518581925496E-09,-1.75020107549036E-06,-2.01518581932388E-09,-1.75020107548947E-06,1.07482389849478E-08,0.00620183820822154
4.6275,7.73239476376149E-10,0.000453213745032083,-2.01626659785085E-09,-1.7559840978196E-06,-2.016266598029E-09,-1.75598409781916E-06,1.07541668462052E-08,0.00620528532654734
4.63,7.71501342347082E-10,0.000456494141847151,-2.01734951501798E-09,-1.76177701614744E-06,-2.01734951357823E-09,-1.76177701614688E-06,1.07600973114907E-08,0.00620873260228366
4.6325,7.69765747402409E-10,0.000459773219818987,-2.01843458392201E-09,-1.76757984254797E-06,-2.01843458219129E-09,-1.76757984254641E-06,1.07660304393686E-08,0.00621218003552614
4.635,7.68032694694991E-10,0.000463050981661427,-2.01952181090404E-09,-1.7733925891125E-06,-2.01952181131902E-09,-1.7733925891117E-06,1.07719662779948E-08,0.00621562762637046
4.6375,7.66302191358877E-10,0.000466327430082959,-2.02061121439523E-09,-1.77921526795034E-06,-2.02061121441657E-09,-1.77921526795001E-06,1.07779048860723E-08,0.00621907537491227
4.64,7.64574241431636E-10,0.000469602567786744,-2.0217028032567E-09,-1.78504789118775E-06,-2.02170280171713E-09,-1.78504789118698E-06,1.07838463093979E-08,0.00622252328124726
4.6425,7.62848852376916E-10,0.000472876397470628,-2.02279659049481E-09,-1.79089047096658E-06,-2.02279659045076E-09,-1.79089047096575E-06,1.07897906045928E-08,0.0062259713454711
4.645,7.6112603132443E-10,0.000476148921827158,-2.02389258542062E-09,-1.79674301944615E-06,-2.02389258547659E-09,-1.79674301944594E-06,1.0795737825503E-08,0.0062294195676795
4.6475,7.59405783612791E-10,0.000479420143543597,-2.0249908008885E-09,-1.80260554880334E-06,-2.02499079955039E-09,-1.80260554880233E-06,1.08016880195905E-08,0.00623286794796815
4.65,7.57688116133186E-10,0.000482690065301936,-2.02609124757506E-09,-1.8084780712296E-06,-2.02609124598203E-09,-1.80847807122898E-06,1.0807641230709E-08,0.00623631648643276
4.6525,7.55973037450814E-10,0.00048595868977891,-2.02719393141089E-09,-1.81436059893501E-06,-2.02719392988196E-09,-1.81436059893397E-06,1.08135975153412E-08,0.00623976518316904
4.655,7.54260557215072E-10,0.000489226019646017,-2.02829887170739E-09,-1.8202531441475E-06,-2.02829887000783E-09,-1.82025314414623E-06,1.08195569248348E-08,0.00624321403827272
4.6575,7.52550681241623E-10,0.000492492057569522,-2.02940607115392E-09,-1.82615571910762E-06,-2.02940606947496E-09,-1.82615571910695E-06,1.08255194980478E-08,0.00624666305183954
4.66,7.508434208452E-10,0.000495756806210485,-2.03051553794672E-09,-1.83206833607788E-06,-2.0305155367011E-09,-1.83206833607696E-06,1.08314852949321E-08,0.00625011222396523
4.6625,7.49138784595337E-10,0.000499020268224761,-2.03162728691495E-09,-1.83799100733462E-06,-2.03162728540337E-09,-1.83799100733369E-06,1.08374543528189E-08,0.00625356155474553
4.665,7.47436781265397E-10,0.000502282446263025,-2.03274132575463E-09,-1.84392374517336E-06,-2.03274132424942E-09,-1.84392374517214E-06,1.08434267138968E-08,0.0062570110442762
4.6675,7.45737423171917E-10,0.000505543342970783,-2.03385766019787E-09,-1.84986656190225E-06,-2.03385766004879E-09,-1.84986656190159E-06,1.08494024333994E-08,0.00626046069265301
4.67,7.44040720410989E-10,0.000508802960988385,-2.03497630138754E-09,-1.85581946985126E-06,-2.03497630128366E-09,-1.85581946985078E-06,1.08553815465762E-08,0.00626391049997172
4.6725,7.423466827838E-10,0.000512061302951042,-2.03609725594156E-09,-1.86178248136505E-06,-2.03609725437306E-09,-1.86178248136431E-06,1.08613640995014E-08,0.00626736046632809
4.675,7.40655325178613E-10,0.000515318371488834,-2.03722053217609E-09,-1.86775560880524E-06,-2.03722053249092E-09,-1.86775560880441E-06,1.08673501313106E-08,0.00627081059181792
4.6775,7.38966657483353E-10,0.000518574169226731,-2.03834613904956E-09,-1.87373886455036E-06,-2.03834613775577E-09,-1.87373886454886E-06,1.08733396836369E-08,0.00627426087653699
4.68,7.37280694638326E-10,0.000521828698784608,-2.03947408122749E-09,-1.87973226099512E-06,-2.03947408153033E-09,-1.8797322609941E-06,1.08793327982526E-08,0.0062777113205811
4.6825,7.35597448769249E-10,0.000525081962777247,-2.04060436675318E-09,-1.88573581055393E-06,-2.04060436728213E-09,-1.88573581055312E-06,1.08853295127664E-08,0.00628116192404604
4.685,7.33916934196263E-10,0.000528333963814368,-2.04173700154995E-09,-1.89174952565557E-06,-2.04173700123478E-09,-1.89174952565489E-06,1.08913298556279E-08,0.00628461268702763
4.6875,7.32239165439005E-10,0.000531584704500631,-2.04287199214748E-09,-1.897773418747E-06,-2.04287199253197E-09,-1.89777341874592E-06,1.08973338724949E-08,0.00628806360962168
4.69,7.30564157953861E-10,0.00053483418743565,-2.0440093452868E-09,-1.90380750229199E-06,-2.04400934547118E-09,-1.90380750229085E-06,1.09033415948701E-08,0.006291514691924
4.6925,7.28891926984714E-10,0.000538082415214016,-2.04514906448805E-09,-1.90985178877056E-06,-2.04514906271571E-09,-1.9098517887695E-06,1.09093530503701E-08,0.00629496593403043
4.695,7.2722248935838E-10,0.0005413293904253,-2.04629115358753E-09,-1.91590629068027E-06,-2.0462911534579E-09,-1.91590629067958E-06,1.0915368274661E-08,0.0062984173360368
4.6975,7.25555861628459E-10,0.000544575115654074,-2.04743562103464E-09,-1.92197102053758E-06,-2.0474356212777E-09,-1.9219710205366E-06,1.0921387296331E-08,0.00630186889803894
4.7,7.23892060365897E-10,0.000547819593479922,-2.0485824735315E-09,-1.92804599087349E-06,-2.04858247226522E-09,-1.92804599087226E-06,1.09274101409151E-08,0.00630532062013269
4.7025,7.22231105689149E-10,0.000551062826477453,-2.04973170683653E-09,-1.93413121423656E-06,-2.04973170737415E-09,-1.93413121423569E-06,1.09334368414427E-08,0.00630877250241392
4.705,7.20573014841366E-10,0.000554304817216319,-2.05088333233871E-09,-1.94022670319277E-06,-2.0508833309617E-09,-1.94022670319133E-06,1.09394674167873E-08,0.00631222454497846
4.7075,7.18917808201214E-10,0.00055754556826122,-2.05203735098212E-09,-1.94633247032639E-06,-2.0520373509729E-09,-1.94633247032518E-06,1.09455018866556E-08,0.00631567674792219
4.71,7.17265505921841E-10,0.000560785082171925,-2.05319376557626E-09,-1.95244852823603E-06,-2.05319376416734E-09,-1.95244852823467E-06,1.09515402856031E-08,0.00631912911134096
4.7125,7.15616125064253E-10,0.000564023361503285,-2.05435257920271E-09,-1.95857488954041E-06,-2.05435257809005E-09,-1.95857488953895E-06,1.09575826137687E-08,0.00632258163533065
4.715,7.13969693423057E-10,0.000567260408805242,-2.05551379260103E-09,-1.96471156687244E-06,-2.05551379119922E-09,-1.96471156687134E-06,1.09636289052917E-08,0.00632603431998715
4.7175,7.12326228787842E-10,0.000570496226622847,-2.05667740923057E-09,-1.97085857288601E-06,-2.05667740791597E-09,-1.97085857288449E-06,1.09696791694702E-08,0.00632948716540632
4.72,7.10685754304157E-10,0.000573730817496272,-2.05784343112481E-09,-1.97701592024765E-06,-2.05784343099295E-09,-1.97701592024657E-06,1.09757334136595E-08,0.00633294017168405
4.7225,7.09048294006594E-10,0.000576964183960817,-2.05901185805222E-09,-1.9831836216442E-06,-2.05901185832497E-09,-1.98318362164279E-06,1.09817916563171E-08,0.00633639333891623
4.725,7.07413873885648E-10,0.000580196328546939,-2.06018269316755E-09,-1.9893616897789E-06,-2.06018269316965E-09,-1.98936168977785E-06,1.09878539088226E-08,0.00633984666719877
4.7275,7.05782516232517E-10,0.000583427253780245,-2.06135593569953E-09,-1.99555013737188E-06,-2.06135593600852E-09,-1.9955501373707E-06,1.09939201758946E-08,0.00634330015662756
4.73,7.04154246205027E-10,0.000586656962181523,-2.06253158619933E-09,-2.00174897716064E-06,-2.06253158478675E-09,-2.00174897715957E-06,1.09999904542024E-08,0.00634675380729852
4.7325,7.02529093657769E-10,0.000589885456266745,-2.06370964366001E-09,-2.00795822189997E-06,-2.06370964208358E-09,-2.00795822189863E-06,1.10060647573462E-08,0.00635020761930753
4.735,7.0090708217431E-10,0.00059311273854708,-2.06489010881943E-09,-2.01417788436132E-06,-2.06489010770033E-09,-2.01417788436E-06,1.1012143079081E-08,0.00635366159275054
4.7375,6.99288242719462E-10,0.000596338811528915,-2.06607297625292E-09,-2.02040797733377E-06,-2.06607297667102E-09,-2.02040797733269E-06,1.10182254242641E-08,0.00635711572772344
4.74,6.97672602363586E-10,0.000599563677713857,-2.06725825678922E-09,-2.0266485136255E-06,-2.06725825557844E-09,-2.02664851362359E-06,1.10243117812381E-08,0.00636057002432218
4.7425,6.96060190371467E-10,0.000602787339598759,-2.06844593502982E-09,-2.0328995060574E-06,-2.06844593529125E-09,-2.03289950605666E-06,1.10304021369578E-08,0.00636402448264266
4.745,6.94451037851034E-10,0.000606009799675721,-2.06963601262955E-09,-2.03916096747176E-06,-2.06963601125105E-09,-2.03916096747015E-06,1.10364964969745E-08,0.00636747910278084
4.7475,6.92845176755892E-10,0.000609231060432105,-2.07082849089764E-09,-2.04543291072677E-06,-2.07082848949563E-09,-2.04543291072516E-06,1.10425948367243E-08,0.00637093388483263
4.75,6.91242636853898E-10,0.000612451124350559,-2.07202336338039E-09,-2.05171534869775E-06,-2.07202336243219E-09,-2.05171534869618E-06,1.10486971448276E-08,0.00637438882889398
4.7525,6.89643453741576E-10,0.000615669993909013,-2.07322063107384E-09,-2.05800829427743E-06,-2.07322062979618E-09,-2.05800829427579E-06,1.10548034064351E-08,0.00637784393506084
4.755,6.88047657863324E-10,0.000618887671580706,-2.07442028586206E-09,-2.0643117603756E-06,-2.07442028428353E-09,-2.06431176037374E-06,1.10609135908768E-08,0.00638129920342915
4.7575,6.86455286121046E-10,0.00062210415983419,-2.07562232620019E-09,-2.07062575991939E-06,-2.07562232465018E-09,-2.07062575991764E-06,1.10670276834424E-08,0.00638475463409486
4.76,6.8486637394647E-10,0.000625319461133346,-2.07682674409549E-09,-2.07695030585386E-06,-2.07682674307444E-09,-2.07695030585198E-06,1.1073145654017E-08,0.00638821022715393
4.7625,6.83280958462679E-10,0.000628533577937399,-2.07803353941075E-09,-2.08328541114115E-06,-2.07803353779631E-09,-2.08328541113922E-06,1.10792674755389E-08,0.00639166598270231
4.765,6.81699074481235E-10,0.000631746512700923,-2.07924270293629E-09,-2.08963108876006E-06,-2.07924270159567E-09,-2.08963108875854E-06,1.10853931083177E-08,0.00639512190083596
4.7675,6.80120760924996E-10,0.000634958267873862,-2.08045423189118E-09,-2.09598735170802E-06,-2.08045423051431E-09,-2.09598735170638E-06,1.10915225218222E-08,0.00639857798165085
4.77,6.78546057267596E-10,0.00063816884590154,-2.08166812014053E-09,-2.1023542129979E-06,-2.08166811914144E-09,-2.10235421299654E-06,1.10976556748355E-08,0.00640203422524295
4.7725,6.76975004014826E-10,0.00064137824922467,-2.08288435976291E-09,-2.10873168566302E-06,-2.08288435835826E-09,-2.10873168566125E-06,1.1103792524475E-08,0.00640549063170822
4.775,6.75407640406134E-10,0.000644586480279371,-2.08410294186086E-09,-2.11511978274918E-06,-2.08410294208326E-09,-2.11511978274779E-06,1.11099330246667E-08,0.00640894720114264
4.7775,6.73844010225938E-10,0.000647793541497178,-2.08532386491346E-09,-2.12151851732661E-06,-2.08532386407558E-09,-2.12151851732453E-06,1.11160771247565E-08,0.00641240393364219
4.78,6.72284155376485E-10,0.000650999435305053,-2.08654711848723E-09,-2.12792790247562E-06,-2.08654711732578E-09,-2.12792790247397E-06,1.11222247735354E-08,0.00641586082930284
4.7825,6.7072812083048E-10,0.000654204164125403,-2.08777268985396E-09,-2.13434795129848E-06,-2.0877726884895E-09,-2.1343479512969E-06,1.11283759203495E-08,0.00641931788822058
4.785,6.69175949045281E-10,0.000657407730376086,-2.08900057869593E-09,-2.140778676914E-06,-2.08900057758334E-09,-2.14077867691221E-06,1.11345304867894E-08,0.00642277511049139
4.7875,6.67627689477854E-10,0.000660610136470429,-2.09023076977982E-09,-2.14722009245778E-06,-2.0902307686597E-09,-2.14722009245593E-06,1.11406884265031E-08,0.00642623249621126
4.79,6.6608338553098E-10,0.000663811384817233,-2.09146325648942E-09,-2.1536722110833E-06,-2.09146325543998E-09,-2.15367221108159E-06,1.11468496652445E-08,0.00642969004547617
4.7925,6.64543087355515E-10,0.000667011477820791,-2.09269802983527E-09,-2.16013504596149E-06,-2.09269802850638E-09,-2.16013504595945E-06,1.11530141307103E-08,0.00643314775838212
4.795,6.6300684281248E-10,0.000670210417880901,-2.09393507754977E-09,-2.16660861027997E-06,-2.09393507632855E-09,-2.16660861027791E-06,1.11591817546219E-08,0.0064366056350251
4.7975,6.61474701540987E-10,0.000673408207392872,-2.09517438730878E-09,-2.17309291724496E-06,-2.09517438640211E-09,-2.17309291724327E-06,1.11653524430266E-08,0.00644006367550112
4.8,6.5994671639806E-10,0.000676604848747543,-2.0964159547696E-09,-2.17958798008014E-06,-2.09641595350616E-09,-2.17958798007854E-06,1.11715261284784E-08,0.00644352187990616
4.8025,6.58422938410591E-10,0.00067980034433129,-2.0976597608708E-09,-2.18609381202609E-06,-2.09765975971037E-09,-2.18609381202426E-06,1.11777027110571E-08,0.00644698024833622
4.805,6.56903418900373E-10,0.000682994696526039,-2.09890579915692E-09,-2.19261042634118E-06,-2.09890579794709E-09,-2.19261042633942E-06,1.11838821001409E-08,0.00645043878088731
4.8075,6.55388216128095E-10,0.000686187907709283,-2.10015405504739E-09,-2.19913783630117E-06,-2.10015405365304E-09,-2.19913783629919E-06,1.11900642088547E-08,0.00645389747765544
4.81,6.5387738184923E-10,0.000689379980254085,-2.10140451600213E-09,-2.20567605519861E-06,-2.10140451500263E-09,-2.20567605519671E-06,1.11962489300621E-08,0.0064573563387366
4.8125,6.52370975295913E-10,0.000692570916529097,-2.10265716917565E-09,-2.21222509634659E-06,-2.10265716801196E-09,-2.21222509634453E-06,1.1202436158847E-08,0.00646081536422681
4.815,6.50869052898698E-10,0.000695760718898569,-2.10391199911894E-09,-2.21878497307115E-06,-2.10391199839802E-09,-2.21878497306926E-06,1.12086257868238E-08,0.00646427455422207
4.8175,6.49371675208107E-10,0.000698949389722364,-2.10516899515852E-09,-2.22535569871935E-06,-2.10516899406429E-09,-2.22535569871787E-06,1.12148177039417E-08,0.0064677339088184
4.82,6.47878897995502E-10,0.000702136931355965,-2.10642813762363E-09,-2.23193728665581E-06,-2.10642813798426E-09,-2.23193728665437E-06,1.12210117751699E-08,0.0064711934281118
4.8225,6.46390788654888E-10,0.000705323346150488,-2.10768941909528E-09,-2.23852975026042E-06,-2.10768941784025E-09,-2.23852975025857E-06,1.12272079015596E-08,0.00647465311219829
4.825,6.44907402879563E-10,0.000708508636452695,-2.10895281870665E-09,-2.24513310293228E-06,-2.10895281712399E-09,-2.24513310293009E-06,1.12334059357289E-08,0.00647811296117388
4.8275,6.43428810240612E-10,0.000711692804605009,-2.11021832092553E-09,-2.25174735808841E-06,-2.1102183197598E-09,-2.25174735808698E-06,1.12396057605491E-08,0.00648157297513459
4.83,6.41955071618156E-10,0.000714875852945518,-2.11148591075373E-09,-2.25837252916248E-06,-2.11148590988189E-09,-2.25837252916076E-06,1.12458072236421E-08,0.00648503315417643
4.8325,6.4048625512611E-10,0.000718057783807995,-2.11275557304597E-09,-2.26500862960634E-06,-2.11275557208563E-09,-2.26500862960429E-06,1.12520101880342E-08,0.00648849349839543
4.835,6.39022426562538E-10,0.000721238599521901,-2.11402728549635E-09,-2.27165567288827E-06,-2.11402728439961E-09,-2.27165567288648E-06,1.12582145073148E-08,0.00649195400788759
4.8375,6.37563656331192E-10,0.0007244183024124,-2.11530103837137E-09,-2.27831367249676E-06,-2.11530103709906E-09,-2.27831367249515E-06,1.12644200302159E-08,0.00649541468274894
4.84,6.36110012042918E-10,0.000727596894800379,-2.11657680595688E-09,-2.28498264193637E-06,-2.11657680448793E-09,-2.28498264193446E-06,1.12706265921469E-08,0.0064988755230755
4.8425,6.34661564838726E-10,0.000730774379002444,-2.11785457403811E-09,-2.29166259472859E-06,-2.11785457267351E-09,-2.29166259472661E-06,1.12768340311542E-08,0.00650233652896329
4.845,6.3321839044797E-10,0.000733950757330944,-2.11913432274604E-09,-2.29835354441368E-06,-2.11913432144534E-09,-2.29835354441175E-06,1.12830421832022E-08,0.00650579770050832
4.8475,6.31780557617742E-10,0.000737126032093975,-2.12041603502853E-09,-2.30505550454956E-06,-2.12041603434277E-09,-2.30505550454762E-06,1.12892508648266E-08,0.00650925903780662
4.85,6.30348146509613E-10,0.000740300205595395,-2.12169968737121E-09,-2.31176848871216E-06,-2.12169968629446E-09,-2.31176848871024E-06,1.1295459910049E-08,0.00651272054095421
4.8525,6.28921228229898E-10,0.000743473280134836,-2.12298526139265E-09,-2.31849251049337E-06,-2.12298526011532E-09,-2.31849251049135E-06,1.13016691155599E-08,0.00651618221004712
4.855,6.27499884709587E-10,0.000746645258007711,-2.12427273558681E-09,-2.32522758350514E-06,-2.12427273443681E-09,-2.32522758350316E-06,1.13078783045562E-08,0.00651964404518135
4.8575,6.2608419176477E-10,0.000749816141505232,-2.12556209104562E-09,-2.33197372137581E-06,-2.12556208953025E-09,-2.33197372137389E-06,1.13140872705364E-08,0.00652310604645295
4.86,6.24674232280534E-10,0.000752985932914413,-2.12685330422909E-09,-2.33873093775154E-06,-2.12685330318934E-09,-2.33873093774968E-06,1.13202958261505E-08,0.00652656821395792
4.8625,6.23270085819971E-10,0.000756154634518087,-2.12814635275609E-09,-2.34549924629674E-06,-2.12814635184522E-09,-2.34549924629482E-06,1.13265037353372E-08,0.00653003054779228
4.865,6.21871837922297E-10,0.000759322248594919,-2.12944121660894E-09,-2.35227866069335E-06,-2.12944121511809E-09,-2.35227866069167E-06,1.13327108071382E-08,0.00653349304805207
4.8675,6.20479570856772E-10,0.000762488777419409,-2.13073787021502E-09,-2.35906919464126E-06,-2.1307378691996E-09,-2.35906919463942E-06,1.13389168067413E-08,0.0065369557148333
4.87,6.19093371428958E-10,0.000765654223261909,-2.13203628834063E-09,-2.36587086185623E-06,-2.13203628731342E-09,-2.36587086185451E-06,1.13451215133509E-08,0.006540418548232
4.8725,6.17713327571989E-10,0.000768818588388637,-2.13333645452337E-09,-2.37268367607613E-06,-2.13333645334952E-09,-2.37268367607428E-06,1.13513246920161E-08,0.00654388154834418
4.875,6.16339527878193E-10,0.000771981875061677,-2.13463833755353E-09,-2.37950765105264E-06,-2.13463833646438E-09,-2.37950765105094E-06,1.13575261057042E-08,0.00654734471526586
4.8775,6.14972061347557E-10,0.000775144085539005,-2.13594191415098E-09,-2.38634280055657E-06,-2.13594191449773E-09,-2.3863428005555E-06,1.13637254951782E-08,0.00655080804909307
4.88,6.13611021178101E-10,0.000778305222074486,-2.13724716267255E-09,-2.39318913837781E-06,-2.1372471613581E-09,-2.3931891383756E-06,1.13699226235442E-08,0.00655427154992182
4.8825,6.12256502111747E-10,0.000781465286917893,-2.13855405270623E-09,-2.400046678322E-06,-2.13855405354561E-09,-2.40004667832091E-06,1.13761172286508E-08,0.00655773521784813
4.885,6.10908593616857E-10,0.000784624282314917,-2.13986256279905E-09,-2.40691543421431E-06,-2.13986256176214E-09,-2.40691543421203E-06,1.13823090285015E-08,0.00656119905296802
4.8875,6.09567399395203E-10,0.000787782210507174,-2.14117266352087E-09,-2.41379541989582E-06,-2.14117266224808E-09,-2.41379541989382E-06,1.13884977723244E-08,0.00656466305537751
4.89,6.08233010346293E-10,0.000790939073732222,-2.14248432500186E-09,-2.42068664922753E-06,-2.14248432416676E-09,-2.4206866492258E-06,1.13946831639677E-08,0.0065681272251726
4.8925,6.06905530362717E-10,0.000794094874223567,-2.14379752782499E-09,-2.42758913608849E-06,-2.14379752640238E-09,-2.42758913608699E-06,1.14008649226838E-08,0.00657159156244932
4.895,6.05585057569108E-10,0.000797249614210672,-2.14511223510087E-09,-2.43450289437357E-06,-2.14511223423737E-09,-2.4345028943721E-06,1.14070427550961E-08,0.00657505606730368
4.8975,6.04271696161632E-10,0.000800403295918977,-2.1464284241751E-09,-2.44142793799757E-06,-2.14642842319376E-09,-2.44142793799571E-06,1.14132163560321E-08,0.00657852073983168
4.9,6.02965551863011E-10,0.000803555921569897,-2.14774606203997E-09,-2.44836428089079E-06,-2.14774606099513E-09,-2.4483642808889E-06,1.14193854300337E-08,0.00658198558012935
4.9025,6.01666724723421E-10,0.000806707493380846,-2.14906512771656E-09,-2.45531193700488E-06,-2.1490651263653E-09,-2.45531193700321E-06,1.14255496407034E-08,0.00658545058829269
4.905,6.00375326701916E-10,0.000809858013565236,-2.15038558050271E-09,-2.46227092030717E-06,-2.150385579581E-09,-2.46227092030512E-06,1.1431708685089E-08,0.00658891576441771
4.9075,5.99091465472781E-10,0.000813007484332492,-2.1517073959096E-09,-2.46924124478268E-06,-2.15170739450204E-09,-2.46924124478061E-06,1.14378622190214E-08,0.00659238110860042
4.91,5.97815251511882E-10,0.000816155907888069,-2.15303054504286E-09,-2.47622292443508E-06,-2.15303054344949E-09,-2.47622292443361E-06,1.14440099134583E-08,0.00659584662093681
4.9125,5.96546796440001E-10,0.00081930328643345,-2.15435499263351E-09,-2.48321597328724E-06,-2.15435499137773E-09,-2.48321597328535E-06,1.14501514175691E-08,0.0065993123015229
4.915,5.952862149744E-10,0.000822449622166169,-2.15568070877716E-09,-2.49022040537755E-06,-2.15568070793792E-09,-2.49022040537574E-06,1.14562863830214E-08,0.00660277815045468
4.9175,5.94033621988468E-10,0.00082559491727981,-2.15700766061814E-09,-2.4972362347642E-06,-2.15700765900749E-09,-2.49723623476202E-06,1.14624144377518E-08,0.00660624416782815
4.92,5.92789134133687E-10,0.000828739173964027,-2.15833581654952E-09,-2.50426347552329E-06,-2.15833581570276E-09,-2.5042634755215E-06,1.14685352228805E-08,0.00660971035373932
4.9225,5.91552872589163E-10,0.00083188239440455,-2.15966514391101E-09,-2.51130214174842E-06,-2.15966514247715E-09,-2.51130214174649E-06,1.14746483621808E-08,0.00661317670828417
4.925,5.90324954986496E-10,0.000835024580783195,-2.16099560868961E-09,-2.51835224755028E-06,-2.16099560905994E-09,-2.51835224754893E-06,1.14807534633277E-08,0.00661664323155871
4.9275,5.89105505627297E-10,0.000838165735277874,-2.16232717717363E-09,-2.52541380705963E-06,-2.16232717590674E-09,-2.52541380705773E-06,1.14868501412124E-08,0.00662010992365891
4.93,5.87894648431536E-10,0.000841305860062611,-2.16365981139111E-09,-2.53248683442422E-06,-2.16365981008844E-09,-2.53248683442268E-06,1.14929379856077E-08,0.00662357678468077
4.9325,5.86692508472778E-10,0.000844444957307544,-2.1649934826372E-09,-2.5395713438101E-06,-2.16499348163241E-09,-2.53957134380869E-06,1.14990165918372E-08,0.00662704381472028
4.935,5.85499214545565E-10,0.000847583029178941,-2.16632815404569E-09,-2.5466673494018E-06,-2.16632815278544E-09,-2.54666734940024E-06,1.15050855441223E-08,0.00663051101387342
4.9375,5.8431489474188E-10,0.000850720077839209,-2.16766378381396E-09,-2.5537748653992E-06,-2.16766378223523E-09,-2.55377486539745E-06,1.15111444012883E-08,0.00663397838223617
4.94,5.83139679911915E-10,0.000853856105446901,-2.16900034373893E-09,-2.56089390602507E-06,-2.16900034268251E-09,-2.56089390602366E-06,1.1517192742283E-08,0.00663744591990451
4.9425,5.81973706864636E-10,0.000856991114156731,-2.17033779174175E-09,-2.56802448551667E-06,-2.17033779023539E-09,-2.56802448551494E-06,1.15232301198254E-08,0.00664091362697442
4.945,5.80817106285436E-10,0.000860125106119581,-2.1716760932948E-09,-2.57516661813003E-06,-2.17167609386726E-09,-2.57516661812912E-06,1.15292560803892E-08,0.00664438150354187
4.9475,5.79670016952194E-10,0.000863258083482514,-2.17301521254743E-09,-2.58232031814155E-06,-2.17301521281035E-09,-2.58232031814076E-06,1.15352701611504E-08,0.00664784954970284
4.95,5.78532576445828E-10,0.000866390048388781,-2.17435510534497E-09,-2.58948559984189E-06,-2.17435510401384E-09,-2.58948559984095E-06,1.15412718869334E-08,0.00665131776555329
4.9525,5.77404925651906E-10,0.000869521002977829,-2.17569573607057E-09,-2.59666247754291E-06,-2.17569573507528E-09,-2.59666247754178E-06,1.15472607811751E-08,0.00665478615118917
4.955,5.76287207988691E-10,0.00087265094938532,-2.17703706911388E-09,-2.60385096557382E-06,-2.17703706904571E-09,-2.6038509655731E-06,1.15532363531567E-08,0.00665825470670647
4.9575,5.75179566466785E-10,0.000875779889743131,-2.17837905967214E-09,-2.61105107828141E-06,-2.17837905825482E-09,-2.61105107828025E-06,1.15591981082741E-08,0.00666172343220114
4.96,5.74082147462157E-10,0.000878907826179372,-2.17972166988229E-09,-2.61826283003148E-06,-2.1797216683556E-09,-2.6182628300302E-06,1.15651455294408E-08,0.00666519232776912
4.9625,5.72995101236554E-10,0.000882034760818389,-2.18106485923856E-09,-2.62548623520749E-06,-2.18106485991523E-09,-2.62548623520687E-06,1.15710781123379E-08,0.00666866139350638
4.965,5.71918575328206E-10,0.000885160695780777,-2.18240858831811E-09,-2.63272130821163E-06,-2.18240858834522E-09,-2.63272130821078E-06,1.15769953148992E-08,0.00667213062950886
4.9675,5.70852722210635E-10,0.000888285633183392,-2.18375281038223E-09,-2.63996806346369E-06,-2.18375281028316E-09,-2.63996806346322E-06,1.15828966099074E-08,0.00667560003587251
4.97,5.69797696473723E-10,0.000891409575139356,-2.18509749303983E-09,-2.64722651540301E-06,-2.18509749195576E-09,-2.64722651540184E-06,1.15887814432225E-08,0.00667906961269327
4.9725,5.68753653323179E-10,0.000894532523758074,-2.18644258514176E-09,-2.65449667848526E-06,-2.18644258530358E-09,-2.65449667848499E-06,1.15946492611208E-08,0.00668253936006709
4.975,5.67720753429091E-10,0.000897654481145236,-2.18778804517679E-09,-2.66177856718535E-06,-2.18778804511932E-09,-2.66177856718495E-06,1.16004995052987E-08,0.00668600927808988
4.9775,5.66699153523725E-10,0.00090077544940283,-2.18913383806757E-09,-2.66907219599741E-06,-2.18913383819727E-09,-2.66907219599723E-06,1.16063315826198E-08,0.00668947936685759
4.98,5.6568901811091E-10,0.000903895430629155,-2.19047990995271E-09,-2.67637757943147E-06,-2.19047990986869E-09,-2.67637757943098E-06,1.16121449171558E-08,0.00669294962646615
4.9825,5.6469051245775E-10,0.000907014426918823,-2.19182622119527E-09,-2.68369473201888E-06,-2.1918262208822E-09,-2.68369473201822E-06,1.16179389159088E-08,0.00669642005701147
4.985,5.6370379825782E-10,0.000910132440362777,-2.19317272699289E-09,-2.69102366830685E-06,-2.19317272564116E-09,-2.69102366830565E-06,1.16237129581254E-08,0.00669989065858948
4.9875,5.62729047665078E-10,0.000913249473048297,-2.19451938011082E-09,-2.6983644028609E-06,-2.19451938052092E-09,-2.69836440286111E-06,1.1629466432489E-08,0.00670336143129609
4.99,5.61766430890592E-10,0.000916365527059006,-2.19586613631916E-09,-2.70571695026754E-06,-2.19586613651893E-09,-2.70571695026718E-06,1.16351987111685E-08,0.00670683237522721
4.9925,5.608161198975E-10,0.000919480604474889,-2.19721295152193E-09,-2.71308132512955E-06,-2.19721295189828E-09,-2.71308132512938E-06,1.16409091518999E-08,0.00671030349047875
4.995,5.59878289077553E-10,0.00092259470737229,-2.19855977788588E-09,-2.72045754206736E-06,-2.19855977804376E-09,-2.72045754206708E-06,1.16465971083946E-08,0.00671377477714662
4.9975,5.58953116153171E-10,0.000925707837823932,-2.19990656543946E-09,-2.72784561572219E-06,-2.19990656551128E-09,-2.72784561572233E-06,1.16522619152126E-08,0.00671724623532671
5,5.58040778413094E-10,0.000928819997898924,-2.20125327037046E-09,-2.73524556075037E-06,-2.20125327042833E-09,-2.73524556075038E-06,1.16579028940078E-08,0.00672071786511492
